[     522ms] [LOG] [Fast Refresh] rebuilding @ webpack-internal:///(pages-dir-browser)/./node_modules/next/dist/client/dev/hot-reloader/pages/hot-reloader-pages.js:206
[     679ms] [WARNING] [Fast Refresh] performing full reload

Fast Refresh will perform a full reload when you edit a file that's imported by modules outside of the React rendering tree.
You might have a file which exports a React component but also exports a value that is imported by a non-React component file.
Consider migrating the non-React component export to a separate file and importing it into both files.

It is also possible the parent component of the component you edited is a class component, which disables Fast Refresh.
Fast Refresh requires at least one parent function component in your React tree. @ webpack-internal:///(pages-dir-browser)/./node_modules/next/dist/client/dev/hot-reloader/pages/hot-reloader-pages.js:345
[    1351ms] [INFO] %cDownload the React DevTools for a better development experience: https://react.dev/link/react-devtools font-weight:bold @ webpack-internal:///(app-pages-browser)/./node_modules/next/dist/compiled/react-dom/cjs/react-dom-client.development.js:25630
[    1401ms] [LOG] %c%s%c [HOME PAGE] Notion 글 수: background: #e6e6e6;background: light-dark(rgba(0,0,0,0.1), rgba(255,255,255,0.25));color: #000000;color: light-dark(#000000, #ffffff);border-radius: 2px  Server   3 @ about://React/Server/webpack-internal:///(rsc)/./app/page.tsx?0:25
[    1401ms] [LOG] %c%s%c [HOME PAGE] 표시될 글 수: background: #e6e6e6;background: light-dark(rgba(0,0,0,0.1), rgba(255,255,255,0.25));color: #000000;color: light-dark(#000000, #ffffff);border-radius: 2px  Server   3 @ about://React/Server/webpack-internal:///(rsc)/./app/page.tsx?1:27
[    1401ms] [LOG] %c%s%c [HOME PAGE] 테스트 글 사용? background: #e6e6e6;background: light-dark(rgba(0,0,0,0.1), rgba(255,255,255,0.25));color: #000000;color: light-dark(#000000, #ffffff);border-radius: 2px  Server   false @ about://React/Server/webpack-internal:///(rsc)/./app/page.tsx?2:28
[    1561ms] [LOG] [Fast Refresh] rebuilding @ webpack-internal:///(app-pages-browser)/./node_modules/next/dist/client/dev/hot-reloader/app/hot-reloader-app.js:196
[    1935ms] [LOG] [Fast Refresh] done in 375ms @ webpack-internal:///(app-pages-browser)/./node_modules/next/dist/client/dev/report-hmr-latency.js:13
[    1936ms] [LOG] %c%s%c [HOME PAGE] Notion 글 수: background: #e6e6e6;background: light-dark(rgba(0,0,0,0.1), rgba(255,255,255,0.25));color: #000000;color: light-dark(#000000, #ffffff);border-radius: 2px  Server   3 @ about://React/Server/webpack-internal:///(rsc)/./app/page.tsx?0:25
[    1937ms] [LOG] %c%s%c [HOME PAGE] 표시될 글 수: background: #e6e6e6;background: light-dark(rgba(0,0,0,0.1), rgba(255,255,255,0.25));color: #000000;color: light-dark(#000000, #ffffff);border-radius: 2px  Server   3 @ about://React/Server/webpack-internal:///(rsc)/./app/page.tsx?1:27
[    1937ms] [LOG] %c%s%c [HOME PAGE] 테스트 글 사용? background: #e6e6e6;background: light-dark(rgba(0,0,0,0.1), rgba(255,255,255,0.25));color: #000000;color: light-dark(#000000, #ffffff);border-radius: 2px  Server   false @ about://React/Server/webpack-internal:///(rsc)/./app/page.tsx?2:28
[    1984ms] [LOG] [Fast Refresh] rebuilding @ webpack-internal:///(app-pages-browser)/./node_modules/next/dist/client/dev/hot-reloader/app/hot-reloader-app.js:196
[    2005ms] [LOG] [Fast Refresh] done in 21ms @ webpack-internal:///(app-pages-browser)/./node_modules/next/dist/client/dev/report-hmr-latency.js:13
[    2147ms] [LOG] %c%s%c [HOME PAGE] Notion 글 수: background: #e6e6e6;background: light-dark(rgba(0,0,0,0.1), rgba(255,255,255,0.25));color: #000000;color: light-dark(#000000, #ffffff);border-radius: 2px  Server   3 @ about://React/Server/webpack-internal:///(rsc)/./app/page.tsx?0:25
[    2147ms] [LOG] %c%s%c [HOME PAGE] 표시될 글 수: background: #e6e6e6;background: light-dark(rgba(0,0,0,0.1), rgba(255,255,255,0.25));color: #000000;color: light-dark(#000000, #ffffff);border-radius: 2px  Server   3 @ about://React/Server/webpack-internal:///(rsc)/./app/page.tsx?1:27
[    2147ms] [LOG] %c%s%c [HOME PAGE] 테스트 글 사용? background: #e6e6e6;background: light-dark(rgba(0,0,0,0.1), rgba(255,255,255,0.25));color: #000000;color: light-dark(#000000, #ffffff);border-radius: 2px  Server   false @ about://React/Server/webpack-internal:///(rsc)/./app/page.tsx?2:28
[    2191ms] [LOG] [Fast Refresh] rebuilding @ webpack-internal:///(app-pages-browser)/./node_modules/next/dist/client/dev/hot-reloader/app/hot-reloader-app.js:196
[    2211ms] [LOG] [Fast Refresh] done in 20ms @ webpack-internal:///(app-pages-browser)/./node_modules/next/dist/client/dev/report-hmr-latency.js:13
[    2329ms] [LOG] %c%s%c [HOME PAGE] Notion 글 수: background: #e6e6e6;background: light-dark(rgba(0,0,0,0.1), rgba(255,255,255,0.25));color: #000000;color: light-dark(#000000, #ffffff);border-radius: 2px  Server   3 @ about://React/Server/webpack-internal:///(rsc)/./app/page.tsx?0:25
[    2329ms] [LOG] %c%s%c [HOME PAGE] 표시될 글 수: background: #e6e6e6;background: light-dark(rgba(0,0,0,0.1), rgba(255,255,255,0.25));color: #000000;color: light-dark(#000000, #ffffff);border-radius: 2px  Server   3 @ about://React/Server/webpack-internal:///(rsc)/./app/page.tsx?1:27
[    2329ms] [LOG] %c%s%c [HOME PAGE] 테스트 글 사용? background: #e6e6e6;background: light-dark(rgba(0,0,0,0.1), rgba(255,255,255,0.25));color: #000000;color: light-dark(#000000, #ffffff);border-radius: 2px  Server   false @ about://React/Server/webpack-internal:///(rsc)/./app/page.tsx?2:28
[    2375ms] [LOG] [Fast Refresh] rebuilding @ webpack-internal:///(app-pages-browser)/./node_modules/next/dist/client/dev/hot-reloader/app/hot-reloader-app.js:196
[    2399ms] [LOG] [Fast Refresh] done in 25ms @ webpack-internal:///(app-pages-browser)/./node_modules/next/dist/client/dev/report-hmr-latency.js:13
[    2561ms] [LOG] %c%s%c [HOME PAGE] Notion 글 수: background: #e6e6e6;background: light-dark(rgba(0,0,0,0.1), rgba(255,255,255,0.25));color: #000000;color: light-dark(#000000, #ffffff);border-radius: 2px  Server   3 @ about://React/Server/webpack-internal:///(rsc)/./app/page.tsx?0:25
[    2561ms] [LOG] %c%s%c [HOME PAGE] 표시될 글 수: background: #e6e6e6;background: light-dark(rgba(0,0,0,0.1), rgba(255,255,255,0.25));color: #000000;color: light-dark(#000000, #ffffff);border-radius: 2px  Server   3 @ about://React/Server/webpack-internal:///(rsc)/./app/page.tsx?1:27
[    2561ms] [LOG] %c%s%c [HOME PAGE] 테스트 글 사용? background: #e6e6e6;background: light-dark(rgba(0,0,0,0.1), rgba(255,255,255,0.25));color: #000000;color: light-dark(#000000, #ffffff);border-radius: 2px  Server   false @ about://React/Server/webpack-internal:///(rsc)/./app/page.tsx?2:28
[    2618ms] [LOG] [Fast Refresh] rebuilding @ webpack-internal:///(app-pages-browser)/./node_modules/next/dist/client/dev/hot-reloader/app/hot-reloader-app.js:196
[    2644ms] [LOG] [Fast Refresh] done in 26ms @ webpack-internal:///(app-pages-browser)/./node_modules/next/dist/client/dev/report-hmr-latency.js:13
[    2758ms] [LOG] %c%s%c [HOME PAGE] Notion 글 수: background: #e6e6e6;background: light-dark(rgba(0,0,0,0.1), rgba(255,255,255,0.25));color: #000000;color: light-dark(#000000, #ffffff);border-radius: 2px  Server   3 @ about://React/Server/webpack-internal:///(rsc)/./app/page.tsx?0:25
[    2758ms] [LOG] %c%s%c [HOME PAGE] 표시될 글 수: background: #e6e6e6;background: light-dark(rgba(0,0,0,0.1), rgba(255,255,255,0.25));color: #000000;color: light-dark(#000000, #ffffff);border-radius: 2px  Server   3 @ about://React/Server/webpack-internal:///(rsc)/./app/page.tsx?1:27
[    2758ms] [LOG] %c%s%c [HOME PAGE] 테스트 글 사용? background: #e6e6e6;background: light-dark(rgba(0,0,0,0.1), rgba(255,255,255,0.25));color: #000000;color: light-dark(#000000, #ffffff);border-radius: 2px  Server   false @ about://React/Server/webpack-internal:///(rsc)/./app/page.tsx?2:28
[    2803ms] [LOG] [Fast Refresh] rebuilding @ webpack-internal:///(app-pages-browser)/./node_modules/next/dist/client/dev/hot-reloader/app/hot-reloader-app.js:196
[    2830ms] [LOG] [Fast Refresh] done in 27ms @ webpack-internal:///(app-pages-browser)/./node_modules/next/dist/client/dev/report-hmr-latency.js:13
[    2958ms] [LOG] %c%s%c [HOME PAGE] Notion 글 수: background: #e6e6e6;background: light-dark(rgba(0,0,0,0.1), rgba(255,255,255,0.25));color: #000000;color: light-dark(#000000, #ffffff);border-radius: 2px  Server   3 @ about://React/Server/webpack-internal:///(rsc)/./app/page.tsx?0:25
[    2958ms] [LOG] %c%s%c [HOME PAGE] 표시될 글 수: background: #e6e6e6;background: light-dark(rgba(0,0,0,0.1), rgba(255,255,255,0.25));color: #000000;color: light-dark(#000000, #ffffff);border-radius: 2px  Server   3 @ about://React/Server/webpack-internal:///(rsc)/./app/page.tsx?1:27
[    2958ms] [LOG] %c%s%c [HOME PAGE] 테스트 글 사용? background: #e6e6e6;background: light-dark(rgba(0,0,0,0.1), rgba(255,255,255,0.25));color: #000000;color: light-dark(#000000, #ffffff);border-radius: 2px  Server   false @ about://React/Server/webpack-internal:///(rsc)/./app/page.tsx?2:28
[    3005ms] [LOG] [Fast Refresh] rebuilding @ webpack-internal:///(app-pages-browser)/./node_modules/next/dist/client/dev/hot-reloader/app/hot-reloader-app.js:196
[    3032ms] [LOG] [Fast Refresh] done in 27ms @ webpack-internal:///(app-pages-browser)/./node_modules/next/dist/client/dev/report-hmr-latency.js:13
[    3148ms] [LOG] %c%s%c [HOME PAGE] Notion 글 수: background: #e6e6e6;background: light-dark(rgba(0,0,0,0.1), rgba(255,255,255,0.25));color: #000000;color: light-dark(#000000, #ffffff);border-radius: 2px  Server   3 @ about://React/Server/webpack-internal:///(rsc)/./app/page.tsx?0:25
[    3148ms] [LOG] %c%s%c [HOME PAGE] 표시될 글 수: background: #e6e6e6;background: light-dark(rgba(0,0,0,0.1), rgba(255,255,255,0.25));color: #000000;color: light-dark(#000000, #ffffff);border-radius: 2px  Server   3 @ about://React/Server/webpack-internal:///(rsc)/./app/page.tsx?1:27
[    3148ms] [LOG] %c%s%c [HOME PAGE] 테스트 글 사용? background: #e6e6e6;background: light-dark(rgba(0,0,0,0.1), rgba(255,255,255,0.25));color: #000000;color: light-dark(#000000, #ffffff);border-radius: 2px  Server   false @ about://React/Server/webpack-internal:///(rsc)/./app/page.tsx?2:28
[    3196ms] [LOG] [Fast Refresh] rebuilding @ webpack-internal:///(app-pages-browser)/./node_modules/next/dist/client/dev/hot-reloader/app/hot-reloader-app.js:196
[    3213ms] [LOG] [Fast Refresh] done in 17ms @ webpack-internal:///(app-pages-browser)/./node_modules/next/dist/client/dev/report-hmr-latency.js:13
[    3250ms] [LOG] %c%s%c [HOME PAGE] Notion 글 수: background: #e6e6e6;background: light-dark(rgba(0,0,0,0.1), rgba(255,255,255,0.25));color: #000000;color: light-dark(#000000, #ffffff);border-radius: 2px  Server   3 @ about://React/Server/webpack-internal:///(rsc)/./app/page.tsx?0:25
[    3250ms] [LOG] %c%s%c [HOME PAGE] 표시될 글 수: background: #e6e6e6;background: light-dark(rgba(0,0,0,0.1), rgba(255,255,255,0.25));color: #000000;color: light-dark(#000000, #ffffff);border-radius: 2px  Server   3 @ about://React/Server/webpack-internal:///(rsc)/./app/page.tsx?1:27
[    3250ms] [LOG] %c%s%c [HOME PAGE] 테스트 글 사용? background: #e6e6e6;background: light-dark(rgba(0,0,0,0.1), rgba(255,255,255,0.25));color: #000000;color: light-dark(#000000, #ffffff);border-radius: 2px  Server   false @ about://React/Server/webpack-internal:///(rsc)/./app/page.tsx?2:28
[    3379ms] [LOG] [Fast Refresh] rebuilding @ webpack-internal:///(app-pages-browser)/./node_modules/next/dist/client/dev/hot-reloader/app/hot-reloader-app.js:196
[    3395ms] [LOG] [Fast Refresh] done in 16ms @ webpack-internal:///(app-pages-browser)/./node_modules/next/dist/client/dev/report-hmr-latency.js:13
[    3518ms] [LOG] %c%s%c [HOME PAGE] Notion 글 수: background: #e6e6e6;background: light-dark(rgba(0,0,0,0.1), rgba(255,255,255,0.25));color: #000000;color: light-dark(#000000, #ffffff);border-radius: 2px  Server   3 @ about://React/Server/webpack-internal:///(rsc)/./app/page.tsx?0:25
[    3518ms] [LOG] %c%s%c [HOME PAGE] 표시될 글 수: background: #e6e6e6;background: light-dark(rgba(0,0,0,0.1), rgba(255,255,255,0.25));color: #000000;color: light-dark(#000000, #ffffff);border-radius: 2px  Server   3 @ about://React/Server/webpack-internal:///(rsc)/./app/page.tsx?1:27
[    3518ms] [LOG] %c%s%c [HOME PAGE] 테스트 글 사용? background: #e6e6e6;background: light-dark(rgba(0,0,0,0.1), rgba(255,255,255,0.25));color: #000000;color: light-dark(#000000, #ffffff);border-radius: 2px  Server   false @ about://React/Server/webpack-internal:///(rsc)/./app/page.tsx?2:28
[    3569ms] [LOG] [Fast Refresh] rebuilding @ webpack-internal:///(app-pages-browser)/./node_modules/next/dist/client/dev/hot-reloader/app/hot-reloader-app.js:196
[    3586ms] [LOG] [Fast Refresh] done in 17ms @ webpack-internal:///(app-pages-browser)/./node_modules/next/dist/client/dev/report-hmr-latency.js:13
[    3700ms] [LOG] %c%s%c [HOME PAGE] Notion 글 수: background: #e6e6e6;background: light-dark(rgba(0,0,0,0.1), rgba(255,255,255,0.25));color: #000000;color: light-dark(#000000, #ffffff);border-radius: 2px  Server   3 @ about://React/Server/webpack-internal:///(rsc)/./app/page.tsx?0:25
[    3700ms] [LOG] %c%s%c [HOME PAGE] 표시될 글 수: background: #e6e6e6;background: light-dark(rgba(0,0,0,0.1), rgba(255,255,255,0.25));color: #000000;color: light-dark(#000000, #ffffff);border-radius: 2px  Server   3 @ about://React/Server/webpack-internal:///(rsc)/./app/page.tsx?1:27
[    3700ms] [LOG] %c%s%c [HOME PAGE] 테스트 글 사용? background: #e6e6e6;background: light-dark(rgba(0,0,0,0.1), rgba(255,255,255,0.25));color: #000000;color: light-dark(#000000, #ffffff);border-radius: 2px  Server   false @ about://React/Server/webpack-internal:///(rsc)/./app/page.tsx?2:28
[    3759ms] [LOG] [Fast Refresh] rebuilding @ webpack-internal:///(app-pages-browser)/./node_modules/next/dist/client/dev/hot-reloader/app/hot-reloader-app.js:196
[    3775ms] [LOG] [Fast Refresh] done in 16ms @ webpack-internal:///(app-pages-browser)/./node_modules/next/dist/client/dev/report-hmr-latency.js:13
[    3884ms] [LOG] %c%s%c [HOME PAGE] Notion 글 수: background: #e6e6e6;background: light-dark(rgba(0,0,0,0.1), rgba(255,255,255,0.25));color: #000000;color: light-dark(#000000, #ffffff);border-radius: 2px  Server   3 @ about://React/Server/webpack-internal:///(rsc)/./app/page.tsx?0:25
[    3884ms] [LOG] %c%s%c [HOME PAGE] 표시될 글 수: background: #e6e6e6;background: light-dark(rgba(0,0,0,0.1), rgba(255,255,255,0.25));color: #000000;color: light-dark(#000000, #ffffff);border-radius: 2px  Server   3 @ about://React/Server/webpack-internal:///(rsc)/./app/page.tsx?1:27
[    3884ms] [LOG] %c%s%c [HOME PAGE] 테스트 글 사용? background: #e6e6e6;background: light-dark(rgba(0,0,0,0.1), rgba(255,255,255,0.25));color: #000000;color: light-dark(#000000, #ffffff);border-radius: 2px  Server   false @ about://React/Server/webpack-internal:///(rsc)/./app/page.tsx?2:28
[    3945ms] [LOG] [Fast Refresh] rebuilding @ webpack-internal:///(app-pages-browser)/./node_modules/next/dist/client/dev/hot-reloader/app/hot-reloader-app.js:196
[    3961ms] [LOG] [Fast Refresh] done in 15ms @ webpack-internal:///(app-pages-browser)/./node_modules/next/dist/client/dev/report-hmr-latency.js:13
[    3999ms] [LOG] %c%s%c [HOME PAGE] Notion 글 수: background: #e6e6e6;background: light-dark(rgba(0,0,0,0.1), rgba(255,255,255,0.25));color: #000000;color: light-dark(#000000, #ffffff);border-radius: 2px  Server   3 @ about://React/Server/webpack-internal:///(rsc)/./app/page.tsx?0:25
[    3999ms] [LOG] %c%s%c [HOME PAGE] 표시될 글 수: background: #e6e6e6;background: light-dark(rgba(0,0,0,0.1), rgba(255,255,255,0.25));color: #000000;color: light-dark(#000000, #ffffff);border-radius: 2px  Server   3 @ about://React/Server/webpack-internal:///(rsc)/./app/page.tsx?1:27
[    3999ms] [LOG] %c%s%c [HOME PAGE] 테스트 글 사용? background: #e6e6e6;background: light-dark(rgba(0,0,0,0.1), rgba(255,255,255,0.25));color: #000000;color: light-dark(#000000, #ffffff);border-radius: 2px  Server   false @ about://React/Server/webpack-internal:///(rsc)/./app/page.tsx?2:28
[    4145ms] [LOG] [Fast Refresh] rebuilding @ webpack-internal:///(app-pages-browser)/./node_modules/next/dist/client/dev/hot-reloader/app/hot-reloader-app.js:196
[    4160ms] [LOG] [Fast Refresh] done in 16ms @ webpack-internal:///(app-pages-browser)/./node_modules/next/dist/client/dev/report-hmr-latency.js:13
[    4197ms] [LOG] %c%s%c [HOME PAGE] Notion 글 수: background: #e6e6e6;background: light-dark(rgba(0,0,0,0.1), rgba(255,255,255,0.25));color: #000000;color: light-dark(#000000, #ffffff);border-radius: 2px  Server   3 @ about://React/Server/webpack-internal:///(rsc)/./app/page.tsx?0:25
[    4197ms] [LOG] %c%s%c [HOME PAGE] 표시될 글 수: background: #e6e6e6;background: light-dark(rgba(0,0,0,0.1), rgba(255,255,255,0.25));color: #000000;color: light-dark(#000000, #ffffff);border-radius: 2px  Server   3 @ about://React/Server/webpack-internal:///(rsc)/./app/page.tsx?1:27
[    4197ms] [LOG] %c%s%c [HOME PAGE] 테스트 글 사용? background: #e6e6e6;background: light-dark(rgba(0,0,0,0.1), rgba(255,255,255,0.25));color: #000000;color: light-dark(#000000, #ffffff);border-radius: 2px  Server   false @ about://React/Server/webpack-internal:///(rsc)/./app/page.tsx?2:28
[    4332ms] [LOG] [Fast Refresh] rebuilding @ webpack-internal:///(app-pages-browser)/./node_modules/next/dist/client/dev/hot-reloader/app/hot-reloader-app.js:196
[    4350ms] [LOG] [Fast Refresh] done in 17ms @ webpack-internal:///(app-pages-browser)/./node_modules/next/dist/client/dev/report-hmr-latency.js:13
[    4469ms] [LOG] %c%s%c [HOME PAGE] Notion 글 수: background: #e6e6e6;background: light-dark(rgba(0,0,0,0.1), rgba(255,255,255,0.25));color: #000000;color: light-dark(#000000, #ffffff);border-radius: 2px  Server   3 @ about://React/Server/webpack-internal:///(rsc)/./app/page.tsx?0:25
[    4469ms] [LOG] %c%s%c [HOME PAGE] 표시될 글 수: background: #e6e6e6;background: light-dark(rgba(0,0,0,0.1), rgba(255,255,255,0.25));color: #000000;color: light-dark(#000000, #ffffff);border-radius: 2px  Server   3 @ about://React/Server/webpack-internal:///(rsc)/./app/page.tsx?1:27
[    4469ms] [LOG] %c%s%c [HOME PAGE] 테스트 글 사용? background: #e6e6e6;background: light-dark(rgba(0,0,0,0.1), rgba(255,255,255,0.25));color: #000000;color: light-dark(#000000, #ffffff);border-radius: 2px  Server   false @ about://React/Server/webpack-internal:///(rsc)/./app/page.tsx?2:28
[    4518ms] [LOG] [Fast Refresh] rebuilding @ webpack-internal:///(app-pages-browser)/./node_modules/next/dist/client/dev/hot-reloader/app/hot-reloader-app.js:196
[    4534ms] [LOG] [Fast Refresh] done in 17ms @ webpack-internal:///(app-pages-browser)/./node_modules/next/dist/client/dev/report-hmr-latency.js:13
[    4649ms] [LOG] %c%s%c [HOME PAGE] Notion 글 수: background: #e6e6e6;background: light-dark(rgba(0,0,0,0.1), rgba(255,255,255,0.25));color: #000000;color: light-dark(#000000, #ffffff);border-radius: 2px  Server   3 @ about://React/Server/webpack-internal:///(rsc)/./app/page.tsx?0:25
[    4649ms] [LOG] %c%s%c [HOME PAGE] 표시될 글 수: background: #e6e6e6;background: light-dark(rgba(0,0,0,0.1), rgba(255,255,255,0.25));color: #000000;color: light-dark(#000000, #ffffff);border-radius: 2px  Server   3 @ about://React/Server/webpack-internal:///(rsc)/./app/page.tsx?1:27
[    4649ms] [LOG] %c%s%c [HOME PAGE] 테스트 글 사용? background: #e6e6e6;background: light-dark(rgba(0,0,0,0.1), rgba(255,255,255,0.25));color: #000000;color: light-dark(#000000, #ffffff);border-radius: 2px  Server   false @ about://React/Server/webpack-internal:///(rsc)/./app/page.tsx?2:28
[    4697ms] [LOG] [Fast Refresh] rebuilding @ webpack-internal:///(app-pages-browser)/./node_modules/next/dist/client/dev/hot-reloader/app/hot-reloader-app.js:196
[    4718ms] [LOG] [Fast Refresh] done in 21ms @ webpack-internal:///(app-pages-browser)/./node_modules/next/dist/client/dev/report-hmr-latency.js:13
[    4834ms] [LOG] %c%s%c [HOME PAGE] Notion 글 수: background: #e6e6e6;background: light-dark(rgba(0,0,0,0.1), rgba(255,255,255,0.25));color: #000000;color: light-dark(#000000, #ffffff);border-radius: 2px  Server   3 @ about://React/Server/webpack-internal:///(rsc)/./app/page.tsx?0:25
[    4834ms] [LOG] %c%s%c [HOME PAGE] 표시될 글 수: background: #e6e6e6;background: light-dark(rgba(0,0,0,0.1), rgba(255,255,255,0.25));color: #000000;color: light-dark(#000000, #ffffff);border-radius: 2px  Server   3 @ about://React/Server/webpack-internal:///(rsc)/./app/page.tsx?1:27
[    4834ms] [LOG] %c%s%c [HOME PAGE] 테스트 글 사용? background: #e6e6e6;background: light-dark(rgba(0,0,0,0.1), rgba(255,255,255,0.25));color: #000000;color: light-dark(#000000, #ffffff);border-radius: 2px  Server   false @ about://React/Server/webpack-internal:///(rsc)/./app/page.tsx?2:28
[    4882ms] [LOG] [Fast Refresh] rebuilding @ webpack-internal:///(app-pages-browser)/./node_modules/next/dist/client/dev/hot-reloader/app/hot-reloader-app.js:196
[    4900ms] [LOG] [Fast Refresh] done in 18ms @ webpack-internal:///(app-pages-browser)/./node_modules/next/dist/client/dev/report-hmr-latency.js:13
[    5020ms] [LOG] %c%s%c [HOME PAGE] Notion 글 수: background: #e6e6e6;background: light-dark(rgba(0,0,0,0.1), rgba(255,255,255,0.25));color: #000000;color: light-dark(#000000, #ffffff);border-radius: 2px  Server   3 @ about://React/Server/webpack-internal:///(rsc)/./app/page.tsx?0:25
[    5020ms] [LOG] %c%s%c [HOME PAGE] 표시될 글 수: background: #e6e6e6;background: light-dark(rgba(0,0,0,0.1), rgba(255,255,255,0.25));color: #000000;color: light-dark(#000000, #ffffff);border-radius: 2px  Server   3 @ about://React/Server/webpack-internal:///(rsc)/./app/page.tsx?1:27
[    5020ms] [LOG] %c%s%c [HOME PAGE] 테스트 글 사용? background: #e6e6e6;background: light-dark(rgba(0,0,0,0.1), rgba(255,255,255,0.25));color: #000000;color: light-dark(#000000, #ffffff);border-radius: 2px  Server   false @ about://React/Server/webpack-internal:///(rsc)/./app/page.tsx?2:28
[    5068ms] [LOG] [Fast Refresh] rebuilding @ webpack-internal:///(app-pages-browser)/./node_modules/next/dist/client/dev/hot-reloader/app/hot-reloader-app.js:196
[    5084ms] [LOG] [Fast Refresh] done in 15ms @ webpack-internal:///(app-pages-browser)/./node_modules/next/dist/client/dev/report-hmr-latency.js:13
[    5125ms] [LOG] %c%s%c [HOME PAGE] Notion 글 수: background: #e6e6e6;background: light-dark(rgba(0,0,0,0.1), rgba(255,255,255,0.25));color: #000000;color: light-dark(#000000, #ffffff);border-radius: 2px  Server   3 @ about://React/Server/webpack-internal:///(rsc)/./app/page.tsx?0:25
[    5125ms] [LOG] %c%s%c [HOME PAGE] 표시될 글 수: background: #e6e6e6;background: light-dark(rgba(0,0,0,0.1), rgba(255,255,255,0.25));color: #000000;color: light-dark(#000000, #ffffff);border-radius: 2px  Server   3 @ about://React/Server/webpack-internal:///(rsc)/./app/page.tsx?1:27
[    5125ms] [LOG] %c%s%c [HOME PAGE] 테스트 글 사용? background: #e6e6e6;background: light-dark(rgba(0,0,0,0.1), rgba(255,255,255,0.25));color: #000000;color: light-dark(#000000, #ffffff);border-radius: 2px  Server   false @ about://React/Server/webpack-internal:///(rsc)/./app/page.tsx?2:28
[    5290ms] [LOG] [Fast Refresh] rebuilding @ webpack-internal:///(app-pages-browser)/./node_modules/next/dist/client/dev/hot-reloader/app/hot-reloader-app.js:196
[    5308ms] [LOG] [Fast Refresh] done in 19ms @ webpack-internal:///(app-pages-browser)/./node_modules/next/dist/client/dev/report-hmr-latency.js:13
[    5430ms] [LOG] %c%s%c [HOME PAGE] Notion 글 수: background: #e6e6e6;background: light-dark(rgba(0,0,0,0.1), rgba(255,255,255,0.25));color: #000000;color: light-dark(#000000, #ffffff);border-radius: 2px  Server   3 @ about://React/Server/webpack-internal:///(rsc)/./app/page.tsx?0:25
[    5430ms] [LOG] %c%s%c [HOME PAGE] 표시될 글 수: background: #e6e6e6;background: light-dark(rgba(0,0,0,0.1), rgba(255,255,255,0.25));color: #000000;color: light-dark(#000000, #ffffff);border-radius: 2px  Server   3 @ about://React/Server/webpack-internal:///(rsc)/./app/page.tsx?1:27
[    5430ms] [LOG] %c%s%c [HOME PAGE] 테스트 글 사용? background: #e6e6e6;background: light-dark(rgba(0,0,0,0.1), rgba(255,255,255,0.25));color: #000000;color: light-dark(#000000, #ffffff);border-radius: 2px  Server   false @ about://React/Server/webpack-internal:///(rsc)/./app/page.tsx?2:28
[    5482ms] [LOG] [Fast Refresh] rebuilding @ webpack-internal:///(app-pages-browser)/./node_modules/next/dist/client/dev/hot-reloader/app/hot-reloader-app.js:196
[    5499ms] [LOG] [Fast Refresh] done in 17ms @ webpack-internal:///(app-pages-browser)/./node_modules/next/dist/client/dev/report-hmr-latency.js:13
[    5625ms] [LOG] %c%s%c [HOME PAGE] Notion 글 수: background: #e6e6e6;background: light-dark(rgba(0,0,0,0.1), rgba(255,255,255,0.25));color: #000000;color: light-dark(#000000, #ffffff);border-radius: 2px  Server   3 @ about://React/Server/webpack-internal:///(rsc)/./app/page.tsx?0:25
[    5625ms] [LOG] %c%s%c [HOME PAGE] 표시될 글 수: background: #e6e6e6;background: light-dark(rgba(0,0,0,0.1), rgba(255,255,255,0.25));color: #000000;color: light-dark(#000000, #ffffff);border-radius: 2px  Server   3 @ about://React/Server/webpack-internal:///(rsc)/./app/page.tsx?1:27
[    5625ms] [LOG] %c%s%c [HOME PAGE] 테스트 글 사용? background: #e6e6e6;background: light-dark(rgba(0,0,0,0.1), rgba(255,255,255,0.25));color: #000000;color: light-dark(#000000, #ffffff);border-radius: 2px  Server   false @ about://React/Server/webpack-internal:///(rsc)/./app/page.tsx?2:28
[    5687ms] [LOG] [Fast Refresh] rebuilding @ webpack-internal:///(app-pages-browser)/./node_modules/next/dist/client/dev/hot-reloader/app/hot-reloader-app.js:196
[    5708ms] [LOG] [Fast Refresh] done in 21ms @ webpack-internal:///(app-pages-browser)/./node_modules/next/dist/client/dev/report-hmr-latency.js:13
[    5752ms] [LOG] %c%s%c [HOME PAGE] Notion 글 수: background: #e6e6e6;background: light-dark(rgba(0,0,0,0.1), rgba(255,255,255,0.25));color: #000000;color: light-dark(#000000, #ffffff);border-radius: 2px  Server   3 @ about://React/Server/webpack-internal:///(rsc)/./app/page.tsx?0:25
[    5752ms] [LOG] %c%s%c [HOME PAGE] 표시될 글 수: background: #e6e6e6;background: light-dark(rgba(0,0,0,0.1), rgba(255,255,255,0.25));color: #000000;color: light-dark(#000000, #ffffff);border-radius: 2px  Server   3 @ about://React/Server/webpack-internal:///(rsc)/./app/page.tsx?1:27
[    5752ms] [LOG] %c%s%c [HOME PAGE] 테스트 글 사용? background: #e6e6e6;background: light-dark(rgba(0,0,0,0.1), rgba(255,255,255,0.25));color: #000000;color: light-dark(#000000, #ffffff);border-radius: 2px  Server   false @ about://React/Server/webpack-internal:///(rsc)/./app/page.tsx?2:28
[    5899ms] [LOG] [Fast Refresh] rebuilding @ webpack-internal:///(app-pages-browser)/./node_modules/next/dist/client/dev/hot-reloader/app/hot-reloader-app.js:196
[    6008ms] [LOG] [Fast Refresh] done in 108ms @ webpack-internal:///(app-pages-browser)/./node_modules/next/dist/client/dev/report-hmr-latency.js:13
[    6047ms] [LOG] %c%s%c [HOME PAGE] Notion 글 수: background: #e6e6e6;background: light-dark(rgba(0,0,0,0.1), rgba(255,255,255,0.25));color: #000000;color: light-dark(#000000, #ffffff);border-radius: 2px  Server   3 @ about://React/Server/webpack-internal:///(rsc)/./app/page.tsx?0:25
[    6047ms] [LOG] %c%s%c [HOME PAGE] 표시될 글 수: background: #e6e6e6;background: light-dark(rgba(0,0,0,0.1), rgba(255,255,255,0.25));color: #000000;color: light-dark(#000000, #ffffff);border-radius: 2px  Server   3 @ about://React/Server/webpack-internal:///(rsc)/./app/page.tsx?1:27
[    6047ms] [LOG] %c%s%c [HOME PAGE] 테스트 글 사용? background: #e6e6e6;background: light-dark(rgba(0,0,0,0.1), rgba(255,255,255,0.25));color: #000000;color: light-dark(#000000, #ffffff);border-radius: 2px  Server   false @ about://React/Server/webpack-internal:///(rsc)/./app/page.tsx?2:28
[    6105ms] [LOG] [Fast Refresh] rebuilding @ webpack-internal:///(app-pages-browser)/./node_modules/next/dist/client/dev/hot-reloader/app/hot-reloader-app.js:196
[    6137ms] [LOG] [Fast Refresh] done in 32ms @ webpack-internal:///(app-pages-browser)/./node_modules/next/dist/client/dev/report-hmr-latency.js:13
[    6382ms] [LOG] %c%s%c [HOME PAGE] Notion 글 수: background: #e6e6e6;background: light-dark(rgba(0,0,0,0.1), rgba(255,255,255,0.25));color: #000000;color: light-dark(#000000, #ffffff);border-radius: 2px  Server   3 @ about://React/Server/webpack-internal:///(rsc)/./app/page.tsx?0:25
[    6382ms] [LOG] %c%s%c [HOME PAGE] 표시될 글 수: background: #e6e6e6;background: light-dark(rgba(0,0,0,0.1), rgba(255,255,255,0.25));color: #000000;color: light-dark(#000000, #ffffff);border-radius: 2px  Server   3 @ about://React/Server/webpack-internal:///(rsc)/./app/page.tsx?1:27
[    6382ms] [LOG] %c%s%c [HOME PAGE] 테스트 글 사용? background: #e6e6e6;background: light-dark(rgba(0,0,0,0.1), rgba(255,255,255,0.25));color: #000000;color: light-dark(#000000, #ffffff);border-radius: 2px  Server   false @ about://React/Server/webpack-internal:///(rsc)/./app/page.tsx?2:28
[    6451ms] [LOG] [Fast Refresh] rebuilding @ webpack-internal:///(app-pages-browser)/./node_modules/next/dist/client/dev/hot-reloader/app/hot-reloader-app.js:196
[    6472ms] [LOG] [Fast Refresh] done in 22ms @ webpack-internal:///(app-pages-browser)/./node_modules/next/dist/client/dev/report-hmr-latency.js:13
[    6610ms] [LOG] %c%s%c [HOME PAGE] Notion 글 수: background: #e6e6e6;background: light-dark(rgba(0,0,0,0.1), rgba(255,255,255,0.25));color: #000000;color: light-dark(#000000, #ffffff);border-radius: 2px  Server   3 @ about://React/Server/webpack-internal:///(rsc)/./app/page.tsx?0:25
[    6611ms] [LOG] %c%s%c [HOME PAGE] 표시될 글 수: background: #e6e6e6;background: light-dark(rgba(0,0,0,0.1), rgba(255,255,255,0.25));color: #000000;color: light-dark(#000000, #ffffff);border-radius: 2px  Server   3 @ about://React/Server/webpack-internal:///(rsc)/./app/page.tsx?1:27
[    6611ms] [LOG] %c%s%c [HOME PAGE] 테스트 글 사용? background: #e6e6e6;background: light-dark(rgba(0,0,0,0.1), rgba(255,255,255,0.25));color: #000000;color: light-dark(#000000, #ffffff);border-radius: 2px  Server   false @ about://React/Server/webpack-internal:///(rsc)/./app/page.tsx?2:28
[    6660ms] [LOG] [Fast Refresh] rebuilding @ webpack-internal:///(app-pages-browser)/./node_modules/next/dist/client/dev/hot-reloader/app/hot-reloader-app.js:196
[    6685ms] [LOG] [Fast Refresh] done in 24ms @ webpack-internal:///(app-pages-browser)/./node_modules/next/dist/client/dev/report-hmr-latency.js:13
[    6815ms] [LOG] %c%s%c [HOME PAGE] Notion 글 수: background: #e6e6e6;background: light-dark(rgba(0,0,0,0.1), rgba(255,255,255,0.25));color: #000000;color: light-dark(#000000, #ffffff);border-radius: 2px  Server   3 @ about://React/Server/webpack-internal:///(rsc)/./app/page.tsx?0:25
[    6815ms] [LOG] %c%s%c [HOME PAGE] 표시될 글 수: background: #e6e6e6;background: light-dark(rgba(0,0,0,0.1), rgba(255,255,255,0.25));color: #000000;color: light-dark(#000000, #ffffff);border-radius: 2px  Server   3 @ about://React/Server/webpack-internal:///(rsc)/./app/page.tsx?1:27
[    6815ms] [LOG] %c%s%c [HOME PAGE] 테스트 글 사용? background: #e6e6e6;background: light-dark(rgba(0,0,0,0.1), rgba(255,255,255,0.25));color: #000000;color: light-dark(#000000, #ffffff);border-radius: 2px  Server   false @ about://React/Server/webpack-internal:///(rsc)/./app/page.tsx?2:28
[    6874ms] [LOG] [Fast Refresh] rebuilding @ webpack-internal:///(app-pages-browser)/./node_modules/next/dist/client/dev/hot-reloader/app/hot-reloader-app.js:196
[    6901ms] [LOG] [Fast Refresh] done in 28ms @ webpack-internal:///(app-pages-browser)/./node_modules/next/dist/client/dev/report-hmr-latency.js:13
[    7029ms] [LOG] %c%s%c [HOME PAGE] Notion 글 수: background: #e6e6e6;background: light-dark(rgba(0,0,0,0.1), rgba(255,255,255,0.25));color: #000000;color: light-dark(#000000, #ffffff);border-radius: 2px  Server   3 @ about://React/Server/webpack-internal:///(rsc)/./app/page.tsx?0:25
[    7029ms] [LOG] %c%s%c [HOME PAGE] 표시될 글 수: background: #e6e6e6;background: light-dark(rgba(0,0,0,0.1), rgba(255,255,255,0.25));color: #000000;color: light-dark(#000000, #ffffff);border-radius: 2px  Server   3 @ about://React/Server/webpack-internal:///(rsc)/./app/page.tsx?1:27
[    7029ms] [LOG] %c%s%c [HOME PAGE] 테스트 글 사용? background: #e6e6e6;background: light-dark(rgba(0,0,0,0.1), rgba(255,255,255,0.25));color: #000000;color: light-dark(#000000, #ffffff);border-radius: 2px  Server   false @ about://React/Server/webpack-internal:///(rsc)/./app/page.tsx?2:28
[    7088ms] [LOG] [Fast Refresh] rebuilding @ webpack-internal:///(app-pages-browser)/./node_modules/next/dist/client/dev/hot-reloader/app/hot-reloader-app.js:196
[    7111ms] [LOG] [Fast Refresh] done in 23ms @ webpack-internal:///(app-pages-browser)/./node_modules/next/dist/client/dev/report-hmr-latency.js:13
[    7244ms] [LOG] %c%s%c [HOME PAGE] Notion 글 수: background: #e6e6e6;background: light-dark(rgba(0,0,0,0.1), rgba(255,255,255,0.25));color: #000000;color: light-dark(#000000, #ffffff);border-radius: 2px  Server   3 @ about://React/Server/webpack-internal:///(rsc)/./app/page.tsx?0:25
[    7244ms] [LOG] %c%s%c [HOME PAGE] 표시될 글 수: background: #e6e6e6;background: light-dark(rgba(0,0,0,0.1), rgba(255,255,255,0.25));color: #000000;color: light-dark(#000000, #ffffff);border-radius: 2px  Server   3 @ about://React/Server/webpack-internal:///(rsc)/./app/page.tsx?1:27
[    7244ms] [LOG] %c%s%c [HOME PAGE] 테스트 글 사용? background: #e6e6e6;background: light-dark(rgba(0,0,0,0.1), rgba(255,255,255,0.25));color: #000000;color: light-dark(#000000, #ffffff);border-radius: 2px  Server   false @ about://React/Server/webpack-internal:///(rsc)/./app/page.tsx?2:28
[    7297ms] [LOG] [Fast Refresh] rebuilding @ webpack-internal:///(app-pages-browser)/./node_modules/next/dist/client/dev/hot-reloader/app/hot-reloader-app.js:196
[    7319ms] [LOG] [Fast Refresh] done in 22ms @ webpack-internal:///(app-pages-browser)/./node_modules/next/dist/client/dev/report-hmr-latency.js:13
[    7458ms] [LOG] %c%s%c [HOME PAGE] Notion 글 수: background: #e6e6e6;background: light-dark(rgba(0,0,0,0.1), rgba(255,255,255,0.25));color: #000000;color: light-dark(#000000, #ffffff);border-radius: 2px  Server   3 @ about://React/Server/webpack-internal:///(rsc)/./app/page.tsx?0:25
[    7458ms] [LOG] %c%s%c [HOME PAGE] 표시될 글 수: background: #e6e6e6;background: light-dark(rgba(0,0,0,0.1), rgba(255,255,255,0.25));color: #000000;color: light-dark(#000000, #ffffff);border-radius: 2px  Server   3 @ about://React/Server/webpack-internal:///(rsc)/./app/page.tsx?1:27
[    7458ms] [LOG] %c%s%c [HOME PAGE] 테스트 글 사용? background: #e6e6e6;background: light-dark(rgba(0,0,0,0.1), rgba(255,255,255,0.25));color: #000000;color: light-dark(#000000, #ffffff);border-radius: 2px  Server   false @ about://React/Server/webpack-internal:///(rsc)/./app/page.tsx?2:28
[    7508ms] [LOG] [Fast Refresh] rebuilding @ webpack-internal:///(app-pages-browser)/./node_modules/next/dist/client/dev/hot-reloader/app/hot-reloader-app.js:196
[    7534ms] [LOG] [Fast Refresh] done in 25ms @ webpack-internal:///(app-pages-browser)/./node_modules/next/dist/client/dev/report-hmr-latency.js:13
[    7655ms] [LOG] %c%s%c [HOME PAGE] Notion 글 수: background: #e6e6e6;background: light-dark(rgba(0,0,0,0.1), rgba(255,255,255,0.25));color: #000000;color: light-dark(#000000, #ffffff);border-radius: 2px  Server   3 @ about://React/Server/webpack-internal:///(rsc)/./app/page.tsx?0:25
[    7655ms] [LOG] %c%s%c [HOME PAGE] 표시될 글 수: background: #e6e6e6;background: light-dark(rgba(0,0,0,0.1), rgba(255,255,255,0.25));color: #000000;color: light-dark(#000000, #ffffff);border-radius: 2px  Server   3 @ about://React/Server/webpack-internal:///(rsc)/./app/page.tsx?1:27
[    7655ms] [LOG] %c%s%c [HOME PAGE] 테스트 글 사용? background: #e6e6e6;background: light-dark(rgba(0,0,0,0.1), rgba(255,255,255,0.25));color: #000000;color: light-dark(#000000, #ffffff);border-radius: 2px  Server   false @ about://React/Server/webpack-internal:///(rsc)/./app/page.tsx?2:28
[    7706ms] [LOG] [Fast Refresh] rebuilding @ webpack-internal:///(app-pages-browser)/./node_modules/next/dist/client/dev/hot-reloader/app/hot-reloader-app.js:196
[    7730ms] [LOG] [Fast Refresh] done in 24ms @ webpack-internal:///(app-pages-browser)/./node_modules/next/dist/client/dev/report-hmr-latency.js:13
[    7851ms] [LOG] %c%s%c [HOME PAGE] Notion 글 수: background: #e6e6e6;background: light-dark(rgba(0,0,0,0.1), rgba(255,255,255,0.25));color: #000000;color: light-dark(#000000, #ffffff);border-radius: 2px  Server   3 @ about://React/Server/webpack-internal:///(rsc)/./app/page.tsx?0:25
[    7851ms] [LOG] %c%s%c [HOME PAGE] 표시될 글 수: background: #e6e6e6;background: light-dark(rgba(0,0,0,0.1), rgba(255,255,255,0.25));color: #000000;color: light-dark(#000000, #ffffff);border-radius: 2px  Server   3 @ about://React/Server/webpack-internal:///(rsc)/./app/page.tsx?1:27
[    7851ms] [LOG] %c%s%c [HOME PAGE] 테스트 글 사용? background: #e6e6e6;background: light-dark(rgba(0,0,0,0.1), rgba(255,255,255,0.25));color: #000000;color: light-dark(#000000, #ffffff);border-radius: 2px  Server   false @ about://React/Server/webpack-internal:///(rsc)/./app/page.tsx?2:28
[    7921ms] [LOG] [Fast Refresh] rebuilding @ webpack-internal:///(app-pages-browser)/./node_modules/next/dist/client/dev/hot-reloader/app/hot-reloader-app.js:196
[    7951ms] [LOG] [Fast Refresh] done in 31ms @ webpack-internal:///(app-pages-browser)/./node_modules/next/dist/client/dev/report-hmr-latency.js:13
[    8076ms] [LOG] %c%s%c [HOME PAGE] Notion 글 수: background: #e6e6e6;background: light-dark(rgba(0,0,0,0.1), rgba(255,255,255,0.25));color: #000000;color: light-dark(#000000, #ffffff);border-radius: 2px  Server   3 @ about://React/Server/webpack-internal:///(rsc)/./app/page.tsx?0:25
[    8077ms] [LOG] %c%s%c [HOME PAGE] 표시될 글 수: background: #e6e6e6;background: light-dark(rgba(0,0,0,0.1), rgba(255,255,255,0.25));color: #000000;color: light-dark(#000000, #ffffff);border-radius: 2px  Server   3 @ about://React/Server/webpack-internal:///(rsc)/./app/page.tsx?1:27
[    8077ms] [LOG] %c%s%c [HOME PAGE] 테스트 글 사용? background: #e6e6e6;background: light-dark(rgba(0,0,0,0.1), rgba(255,255,255,0.25));color: #000000;color: light-dark(#000000, #ffffff);border-radius: 2px  Server   false @ about://React/Server/webpack-internal:///(rsc)/./app/page.tsx?2:28
[    8125ms] [LOG] [Fast Refresh] rebuilding @ webpack-internal:///(app-pages-browser)/./node_modules/next/dist/client/dev/hot-reloader/app/hot-reloader-app.js:196
[    8158ms] [LOG] [Fast Refresh] done in 32ms @ webpack-internal:///(app-pages-browser)/./node_modules/next/dist/client/dev/report-hmr-latency.js:13
[    8264ms] [LOG] %c%s%c [HOME PAGE] Notion 글 수: background: #e6e6e6;background: light-dark(rgba(0,0,0,0.1), rgba(255,255,255,0.25));color: #000000;color: light-dark(#000000, #ffffff);border-radius: 2px  Server   3 @ about://React/Server/webpack-internal:///(rsc)/./app/page.tsx?0:25
[    8264ms] [LOG] %c%s%c [HOME PAGE] 표시될 글 수: background: #e6e6e6;background: light-dark(rgba(0,0,0,0.1), rgba(255,255,255,0.25));color: #000000;color: light-dark(#000000, #ffffff);border-radius: 2px  Server   3 @ about://React/Server/webpack-internal:///(rsc)/./app/page.tsx?1:27
[    8264ms] [LOG] %c%s%c [HOME PAGE] 테스트 글 사용? background: #e6e6e6;background: light-dark(rgba(0,0,0,0.1), rgba(255,255,255,0.25));color: #000000;color: light-dark(#000000, #ffffff);border-radius: 2px  Server   false @ about://React/Server/webpack-internal:///(rsc)/./app/page.tsx?2:28
[    8310ms] [LOG] [Fast Refresh] rebuilding @ webpack-internal:///(app-pages-browser)/./node_modules/next/dist/client/dev/hot-reloader/app/hot-reloader-app.js:196
[    8336ms] [LOG] [Fast Refresh] done in 26ms @ webpack-internal:///(app-pages-browser)/./node_modules/next/dist/client/dev/report-hmr-latency.js:13
[    8448ms] [LOG] %c%s%c [HOME PAGE] Notion 글 수: background: #e6e6e6;background: light-dark(rgba(0,0,0,0.1), rgba(255,255,255,0.25));color: #000000;color: light-dark(#000000, #ffffff);border-radius: 2px  Server   3 @ about://React/Server/webpack-internal:///(rsc)/./app/page.tsx?0:25
[    8448ms] [LOG] %c%s%c [HOME PAGE] 표시될 글 수: background: #e6e6e6;background: light-dark(rgba(0,0,0,0.1), rgba(255,255,255,0.25));color: #000000;color: light-dark(#000000, #ffffff);border-radius: 2px  Server   3 @ about://React/Server/webpack-internal:///(rsc)/./app/page.tsx?1:27
[    8448ms] [LOG] %c%s%c [HOME PAGE] 테스트 글 사용? background: #e6e6e6;background: light-dark(rgba(0,0,0,0.1), rgba(255,255,255,0.25));color: #000000;color: light-dark(#000000, #ffffff);border-radius: 2px  Server   false @ about://React/Server/webpack-internal:///(rsc)/./app/page.tsx?2:28
[    8491ms] [LOG] [Fast Refresh] rebuilding @ webpack-internal:///(app-pages-browser)/./node_modules/next/dist/client/dev/hot-reloader/app/hot-reloader-app.js:196
[    8514ms] [LOG] [Fast Refresh] done in 23ms @ webpack-internal:///(app-pages-browser)/./node_modules/next/dist/client/dev/report-hmr-latency.js:13
[    8630ms] [LOG] %c%s%c [HOME PAGE] Notion 글 수: background: #e6e6e6;background: light-dark(rgba(0,0,0,0.1), rgba(255,255,255,0.25));color: #000000;color: light-dark(#000000, #ffffff);border-radius: 2px  Server   3 @ about://React/Server/webpack-internal:///(rsc)/./app/page.tsx?0:25
[    8630ms] [LOG] %c%s%c [HOME PAGE] 표시될 글 수: background: #e6e6e6;background: light-dark(rgba(0,0,0,0.1), rgba(255,255,255,0.25));color: #000000;color: light-dark(#000000, #ffffff);border-radius: 2px  Server   3 @ about://React/Server/webpack-internal:///(rsc)/./app/page.tsx?1:27
[    8630ms] [LOG] %c%s%c [HOME PAGE] 테스트 글 사용? background: #e6e6e6;background: light-dark(rgba(0,0,0,0.1), rgba(255,255,255,0.25));color: #000000;color: light-dark(#000000, #ffffff);border-radius: 2px  Server   false @ about://React/Server/webpack-internal:///(rsc)/./app/page.tsx?2:28
[    8675ms] [LOG] [Fast Refresh] rebuilding @ webpack-internal:///(app-pages-browser)/./node_modules/next/dist/client/dev/hot-reloader/app/hot-reloader-app.js:196
[    8695ms] [LOG] [Fast Refresh] done in 21ms @ webpack-internal:///(app-pages-browser)/./node_modules/next/dist/client/dev/report-hmr-latency.js:13
[    8822ms] [LOG] %c%s%c [HOME PAGE] Notion 글 수: background: #e6e6e6;background: light-dark(rgba(0,0,0,0.1), rgba(255,255,255,0.25));color: #000000;color: light-dark(#000000, #ffffff);border-radius: 2px  Server   3 @ about://React/Server/webpack-internal:///(rsc)/./app/page.tsx?0:25
[    8822ms] [LOG] %c%s%c [HOME PAGE] 표시될 글 수: background: #e6e6e6;background: light-dark(rgba(0,0,0,0.1), rgba(255,255,255,0.25));color: #000000;color: light-dark(#000000, #ffffff);border-radius: 2px  Server   3 @ about://React/Server/webpack-internal:///(rsc)/./app/page.tsx?1:27
[    8822ms] [LOG] %c%s%c [HOME PAGE] 테스트 글 사용? background: #e6e6e6;background: light-dark(rgba(0,0,0,0.1), rgba(255,255,255,0.25));color: #000000;color: light-dark(#000000, #ffffff);border-radius: 2px  Server   false @ about://React/Server/webpack-internal:///(rsc)/./app/page.tsx?2:28
[    8869ms] [LOG] [Fast Refresh] rebuilding @ webpack-internal:///(app-pages-browser)/./node_modules/next/dist/client/dev/hot-reloader/app/hot-reloader-app.js:196
[    8896ms] [LOG] [Fast Refresh] done in 28ms @ webpack-internal:///(app-pages-browser)/./node_modules/next/dist/client/dev/report-hmr-latency.js:13
[    9012ms] [LOG] %c%s%c [HOME PAGE] Notion 글 수: background: #e6e6e6;background: light-dark(rgba(0,0,0,0.1), rgba(255,255,255,0.25));color: #000000;color: light-dark(#000000, #ffffff);border-radius: 2px  Server   3 @ about://React/Server/webpack-internal:///(rsc)/./app/page.tsx?0:25
[    9012ms] [LOG] %c%s%c [HOME PAGE] 표시될 글 수: background: #e6e6e6;background: light-dark(rgba(0,0,0,0.1), rgba(255,255,255,0.25));color: #000000;color: light-dark(#000000, #ffffff);border-radius: 2px  Server   3 @ about://React/Server/webpack-internal:///(rsc)/./app/page.tsx?1:27
[    9012ms] [LOG] %c%s%c [HOME PAGE] 테스트 글 사용? background: #e6e6e6;background: light-dark(rgba(0,0,0,0.1), rgba(255,255,255,0.25));color: #000000;color: light-dark(#000000, #ffffff);border-radius: 2px  Server   false @ about://React/Server/webpack-internal:///(rsc)/./app/page.tsx?2:28
[    9063ms] [LOG] [Fast Refresh] rebuilding @ webpack-internal:///(app-pages-browser)/./node_modules/next/dist/client/dev/hot-reloader/app/hot-reloader-app.js:196
[    9087ms] [LOG] [Fast Refresh] done in 25ms @ webpack-internal:///(app-pages-browser)/./node_modules/next/dist/client/dev/report-hmr-latency.js:13
[    9195ms] [LOG] %c%s%c [HOME PAGE] Notion 글 수: background: #e6e6e6;background: light-dark(rgba(0,0,0,0.1), rgba(255,255,255,0.25));color: #000000;color: light-dark(#000000, #ffffff);border-radius: 2px  Server   3 @ about://React/Server/webpack-internal:///(rsc)/./app/page.tsx?0:25
[    9196ms] [LOG] %c%s%c [HOME PAGE] 표시될 글 수: background: #e6e6e6;background: light-dark(rgba(0,0,0,0.1), rgba(255,255,255,0.25));color: #000000;color: light-dark(#000000, #ffffff);border-radius: 2px  Server   3 @ about://React/Server/webpack-internal:///(rsc)/./app/page.tsx?1:27
[    9196ms] [LOG] %c%s%c [HOME PAGE] 테스트 글 사용? background: #e6e6e6;background: light-dark(rgba(0,0,0,0.1), rgba(255,255,255,0.25));color: #000000;color: light-dark(#000000, #ffffff);border-radius: 2px  Server   false @ about://React/Server/webpack-internal:///(rsc)/./app/page.tsx?2:28
[    9248ms] [LOG] [Fast Refresh] rebuilding @ webpack-internal:///(app-pages-browser)/./node_modules/next/dist/client/dev/hot-reloader/app/hot-reloader-app.js:196
[    9275ms] [LOG] [Fast Refresh] done in 28ms @ webpack-internal:///(app-pages-browser)/./node_modules/next/dist/client/dev/report-hmr-latency.js:13
[    9403ms] [LOG] %c%s%c [HOME PAGE] Notion 글 수: background: #e6e6e6;background: light-dark(rgba(0,0,0,0.1), rgba(255,255,255,0.25));color: #000000;color: light-dark(#000000, #ffffff);border-radius: 2px  Server   3 @ about://React/Server/webpack-internal:///(rsc)/./app/page.tsx?0:25
[    9403ms] [LOG] %c%s%c [HOME PAGE] 표시될 글 수: background: #e6e6e6;background: light-dark(rgba(0,0,0,0.1), rgba(255,255,255,0.25));color: #000000;color: light-dark(#000000, #ffffff);border-radius: 2px  Server   3 @ about://React/Server/webpack-internal:///(rsc)/./app/page.tsx?1:27
[    9403ms] [LOG] %c%s%c [HOME PAGE] 테스트 글 사용? background: #e6e6e6;background: light-dark(rgba(0,0,0,0.1), rgba(255,255,255,0.25));color: #000000;color: light-dark(#000000, #ffffff);border-radius: 2px  Server   false @ about://React/Server/webpack-internal:///(rsc)/./app/page.tsx?2:28
[    9449ms] [LOG] [Fast Refresh] rebuilding @ webpack-internal:///(app-pages-browser)/./node_modules/next/dist/client/dev/hot-reloader/app/hot-reloader-app.js:196
[    9474ms] [LOG] [Fast Refresh] done in 25ms @ webpack-internal:///(app-pages-browser)/./node_modules/next/dist/client/dev/report-hmr-latency.js:13
[    9605ms] [LOG] %c%s%c [HOME PAGE] Notion 글 수: background: #e6e6e6;background: light-dark(rgba(0,0,0,0.1), rgba(255,255,255,0.25));color: #000000;color: light-dark(#000000, #ffffff);border-radius: 2px  Server   3 @ about://React/Server/webpack-internal:///(rsc)/./app/page.tsx?0:25
[    9605ms] [LOG] %c%s%c [HOME PAGE] 표시될 글 수: background: #e6e6e6;background: light-dark(rgba(0,0,0,0.1), rgba(255,255,255,0.25));color: #000000;color: light-dark(#000000, #ffffff);border-radius: 2px  Server   3 @ about://React/Server/webpack-internal:///(rsc)/./app/page.tsx?1:27
[    9605ms] [LOG] %c%s%c [HOME PAGE] 테스트 글 사용? background: #e6e6e6;background: light-dark(rgba(0,0,0,0.1), rgba(255,255,255,0.25));color: #000000;color: light-dark(#000000, #ffffff);border-radius: 2px  Server   false @ about://React/Server/webpack-internal:///(rsc)/./app/page.tsx?2:28
[    9656ms] [LOG] [Fast Refresh] rebuilding @ webpack-internal:///(app-pages-browser)/./node_modules/next/dist/client/dev/hot-reloader/app/hot-reloader-app.js:196
[    9678ms] [LOG] [Fast Refresh] done in 23ms @ webpack-internal:///(app-pages-browser)/./node_modules/next/dist/client/dev/report-hmr-latency.js:13
[    9793ms] [LOG] %c%s%c [HOME PAGE] Notion 글 수: background: #e6e6e6;background: light-dark(rgba(0,0,0,0.1), rgba(255,255,255,0.25));color: #000000;color: light-dark(#000000, #ffffff);border-radius: 2px  Server   3 @ about://React/Server/webpack-internal:///(rsc)/./app/page.tsx?0:25
[    9793ms] [LOG] %c%s%c [HOME PAGE] 표시될 글 수: background: #e6e6e6;background: light-dark(rgba(0,0,0,0.1), rgba(255,255,255,0.25));color: #000000;color: light-dark(#000000, #ffffff);border-radius: 2px  Server   3 @ about://React/Server/webpack-internal:///(rsc)/./app/page.tsx?1:27
[    9793ms] [LOG] %c%s%c [HOME PAGE] 테스트 글 사용? background: #e6e6e6;background: light-dark(rgba(0,0,0,0.1), rgba(255,255,255,0.25));color: #000000;color: light-dark(#000000, #ffffff);border-radius: 2px  Server   false @ about://React/Server/webpack-internal:///(rsc)/./app/page.tsx?2:28
[    9838ms] [LOG] [Fast Refresh] rebuilding @ webpack-internal:///(app-pages-browser)/./node_modules/next/dist/client/dev/hot-reloader/app/hot-reloader-app.js:196
[    9857ms] [LOG] [Fast Refresh] done in 19ms @ webpack-internal:///(app-pages-browser)/./node_modules/next/dist/client/dev/report-hmr-latency.js:13
[    9979ms] [LOG] %c%s%c [HOME PAGE] Notion 글 수: background: #e6e6e6;background: light-dark(rgba(0,0,0,0.1), rgba(255,255,255,0.25));color: #000000;color: light-dark(#000000, #ffffff);border-radius: 2px  Server   3 @ about://React/Server/webpack-internal:///(rsc)/./app/page.tsx?0:25
[    9979ms] [LOG] %c%s%c [HOME PAGE] 표시될 글 수: background: #e6e6e6;background: light-dark(rgba(0,0,0,0.1), rgba(255,255,255,0.25));color: #000000;color: light-dark(#000000, #ffffff);border-radius: 2px  Server   3 @ about://React/Server/webpack-internal:///(rsc)/./app/page.tsx?1:27
[    9979ms] [LOG] %c%s%c [HOME PAGE] 테스트 글 사용? background: #e6e6e6;background: light-dark(rgba(0,0,0,0.1), rgba(255,255,255,0.25));color: #000000;color: light-dark(#000000, #ffffff);border-radius: 2px  Server   false @ about://React/Server/webpack-internal:///(rsc)/./app/page.tsx?2:28
[   10027ms] [LOG] [Fast Refresh] rebuilding @ webpack-internal:///(app-pages-browser)/./node_modules/next/dist/client/dev/hot-reloader/app/hot-reloader-app.js:196
[   10051ms] [LOG] [Fast Refresh] done in 23ms @ webpack-internal:///(app-pages-browser)/./node_modules/next/dist/client/dev/report-hmr-latency.js:13
[   10186ms] [LOG] %c%s%c [HOME PAGE] Notion 글 수: background: #e6e6e6;background: light-dark(rgba(0,0,0,0.1), rgba(255,255,255,0.25));color: #000000;color: light-dark(#000000, #ffffff);border-radius: 2px  Server   3 @ about://React/Server/webpack-internal:///(rsc)/./app/page.tsx?0:25
[   10186ms] [LOG] %c%s%c [HOME PAGE] 표시될 글 수: background: #e6e6e6;background: light-dark(rgba(0,0,0,0.1), rgba(255,255,255,0.25));color: #000000;color: light-dark(#000000, #ffffff);border-radius: 2px  Server   3 @ about://React/Server/webpack-internal:///(rsc)/./app/page.tsx?1:27
[   10186ms] [LOG] %c%s%c [HOME PAGE] 테스트 글 사용? background: #e6e6e6;background: light-dark(rgba(0,0,0,0.1), rgba(255,255,255,0.25));color: #000000;color: light-dark(#000000, #ffffff);border-radius: 2px  Server   false @ about://React/Server/webpack-internal:///(rsc)/./app/page.tsx?2:28
[   10236ms] [LOG] [Fast Refresh] rebuilding @ webpack-internal:///(app-pages-browser)/./node_modules/next/dist/client/dev/hot-reloader/app/hot-reloader-app.js:196
[   10263ms] [LOG] [Fast Refresh] done in 27ms @ webpack-internal:///(app-pages-browser)/./node_modules/next/dist/client/dev/report-hmr-latency.js:13
[   10386ms] [LOG] %c%s%c [HOME PAGE] Notion 글 수: background: #e6e6e6;background: light-dark(rgba(0,0,0,0.1), rgba(255,255,255,0.25));color: #000000;color: light-dark(#000000, #ffffff);border-radius: 2px  Server   3 @ about://React/Server/webpack-internal:///(rsc)/./app/page.tsx?0:25
[   10386ms] [LOG] %c%s%c [HOME PAGE] 표시될 글 수: background: #e6e6e6;background: light-dark(rgba(0,0,0,0.1), rgba(255,255,255,0.25));color: #000000;color: light-dark(#000000, #ffffff);border-radius: 2px  Server   3 @ about://React/Server/webpack-internal:///(rsc)/./app/page.tsx?1:27
[   10386ms] [LOG] %c%s%c [HOME PAGE] 테스트 글 사용? background: #e6e6e6;background: light-dark(rgba(0,0,0,0.1), rgba(255,255,255,0.25));color: #000000;color: light-dark(#000000, #ffffff);border-radius: 2px  Server   false @ about://React/Server/webpack-internal:///(rsc)/./app/page.tsx?2:28
[   10438ms] [LOG] [Fast Refresh] rebuilding @ webpack-internal:///(app-pages-browser)/./node_modules/next/dist/client/dev/hot-reloader/app/hot-reloader-app.js:196
[   10464ms] [LOG] [Fast Refresh] done in 27ms @ webpack-internal:///(app-pages-browser)/./node_modules/next/dist/client/dev/report-hmr-latency.js:13
[   10587ms] [LOG] %c%s%c [HOME PAGE] Notion 글 수: background: #e6e6e6;background: light-dark(rgba(0,0,0,0.1), rgba(255,255,255,0.25));color: #000000;color: light-dark(#000000, #ffffff);border-radius: 2px  Server   3 @ about://React/Server/webpack-internal:///(rsc)/./app/page.tsx?0:25
[   10587ms] [LOG] %c%s%c [HOME PAGE] 표시될 글 수: background: #e6e6e6;background: light-dark(rgba(0,0,0,0.1), rgba(255,255,255,0.25));color: #000000;color: light-dark(#000000, #ffffff);border-radius: 2px  Server   3 @ about://React/Server/webpack-internal:///(rsc)/./app/page.tsx?1:27
[   10587ms] [LOG] %c%s%c [HOME PAGE] 테스트 글 사용? background: #e6e6e6;background: light-dark(rgba(0,0,0,0.1), rgba(255,255,255,0.25));color: #000000;color: light-dark(#000000, #ffffff);border-radius: 2px  Server   false @ about://React/Server/webpack-internal:///(rsc)/./app/page.tsx?2:28
[   10635ms] [LOG] [Fast Refresh] rebuilding @ webpack-internal:///(app-pages-browser)/./node_modules/next/dist/client/dev/hot-reloader/app/hot-reloader-app.js:196
[   10658ms] [LOG] [Fast Refresh] done in 24ms @ webpack-internal:///(app-pages-browser)/./node_modules/next/dist/client/dev/report-hmr-latency.js:13
[   10777ms] [LOG] %c%s%c [HOME PAGE] Notion 글 수: background: #e6e6e6;background: light-dark(rgba(0,0,0,0.1), rgba(255,255,255,0.25));color: #000000;color: light-dark(#000000, #ffffff);border-radius: 2px  Server   3 @ about://React/Server/webpack-internal:///(rsc)/./app/page.tsx?0:25
[   10777ms] [LOG] %c%s%c [HOME PAGE] 표시될 글 수: background: #e6e6e6;background: light-dark(rgba(0,0,0,0.1), rgba(255,255,255,0.25));color: #000000;color: light-dark(#000000, #ffffff);border-radius: 2px  Server   3 @ about://React/Server/webpack-internal:///(rsc)/./app/page.tsx?1:27
[   10778ms] [LOG] %c%s%c [HOME PAGE] 테스트 글 사용? background: #e6e6e6;background: light-dark(rgba(0,0,0,0.1), rgba(255,255,255,0.25));color: #000000;color: light-dark(#000000, #ffffff);border-radius: 2px  Server   false @ about://React/Server/webpack-internal:///(rsc)/./app/page.tsx?2:28
[   10856ms] [LOG] [Fast Refresh] rebuilding @ webpack-internal:///(app-pages-browser)/./node_modules/next/dist/client/dev/hot-reloader/app/hot-reloader-app.js:196
[   10883ms] [LOG] [Fast Refresh] done in 27ms @ webpack-internal:///(app-pages-browser)/./node_modules/next/dist/client/dev/report-hmr-latency.js:13
[   11040ms] [LOG] %c%s%c [HOME PAGE] Notion 글 수: background: #e6e6e6;background: light-dark(rgba(0,0,0,0.1), rgba(255,255,255,0.25));color: #000000;color: light-dark(#000000, #ffffff);border-radius: 2px  Server   3 @ about://React/Server/webpack-internal:///(rsc)/./app/page.tsx?0:25
[   11041ms] [LOG] %c%s%c [HOME PAGE] 표시될 글 수: background: #e6e6e6;background: light-dark(rgba(0,0,0,0.1), rgba(255,255,255,0.25));color: #000000;color: light-dark(#000000, #ffffff);border-radius: 2px  Server   3 @ about://React/Server/webpack-internal:///(rsc)/./app/page.tsx?1:27
[   11041ms] [LOG] %c%s%c [HOME PAGE] 테스트 글 사용? background: #e6e6e6;background: light-dark(rgba(0,0,0,0.1), rgba(255,255,255,0.25));color: #000000;color: light-dark(#000000, #ffffff);border-radius: 2px  Server   false @ about://React/Server/webpack-internal:///(rsc)/./app/page.tsx?2:28
[   11089ms] [LOG] [Fast Refresh] rebuilding @ webpack-internal:///(app-pages-browser)/./node_modules/next/dist/client/dev/hot-reloader/app/hot-reloader-app.js:196
[   11107ms] [LOG] [Fast Refresh] done in 18ms @ webpack-internal:///(app-pages-browser)/./node_modules/next/dist/client/dev/report-hmr-latency.js:13
[   11226ms] [LOG] %c%s%c [HOME PAGE] Notion 글 수: background: #e6e6e6;background: light-dark(rgba(0,0,0,0.1), rgba(255,255,255,0.25));color: #000000;color: light-dark(#000000, #ffffff);border-radius: 2px  Server   3 @ about://React/Server/webpack-internal:///(rsc)/./app/page.tsx?0:25
[   11226ms] [LOG] %c%s%c [HOME PAGE] 표시될 글 수: background: #e6e6e6;background: light-dark(rgba(0,0,0,0.1), rgba(255,255,255,0.25));color: #000000;color: light-dark(#000000, #ffffff);border-radius: 2px  Server   3 @ about://React/Server/webpack-internal:///(rsc)/./app/page.tsx?1:27
[   11226ms] [LOG] %c%s%c [HOME PAGE] 테스트 글 사용? background: #e6e6e6;background: light-dark(rgba(0,0,0,0.1), rgba(255,255,255,0.25));color: #000000;color: light-dark(#000000, #ffffff);border-radius: 2px  Server   false @ about://React/Server/webpack-internal:///(rsc)/./app/page.tsx?2:28
[   11276ms] [LOG] [Fast Refresh] rebuilding @ webpack-internal:///(app-pages-browser)/./node_modules/next/dist/client/dev/hot-reloader/app/hot-reloader-app.js:196
[   11300ms] [LOG] [Fast Refresh] done in 25ms @ webpack-internal:///(app-pages-browser)/./node_modules/next/dist/client/dev/report-hmr-latency.js:13
[   11419ms] [LOG] %c%s%c [HOME PAGE] Notion 글 수: background: #e6e6e6;background: light-dark(rgba(0,0,0,0.1), rgba(255,255,255,0.25));color: #000000;color: light-dark(#000000, #ffffff);border-radius: 2px  Server   3 @ about://React/Server/webpack-internal:///(rsc)/./app/page.tsx?0:25
[   11419ms] [LOG] %c%s%c [HOME PAGE] 표시될 글 수: background: #e6e6e6;background: light-dark(rgba(0,0,0,0.1), rgba(255,255,255,0.25));color: #000000;color: light-dark(#000000, #ffffff);border-radius: 2px  Server   3 @ about://React/Server/webpack-internal:///(rsc)/./app/page.tsx?1:27
[   11419ms] [LOG] %c%s%c [HOME PAGE] 테스트 글 사용? background: #e6e6e6;background: light-dark(rgba(0,0,0,0.1), rgba(255,255,255,0.25));color: #000000;color: light-dark(#000000, #ffffff);border-radius: 2px  Server   false @ about://React/Server/webpack-internal:///(rsc)/./app/page.tsx?2:28
[   11465ms] [LOG] [Fast Refresh] rebuilding @ webpack-internal:///(app-pages-browser)/./node_modules/next/dist/client/dev/hot-reloader/app/hot-reloader-app.js:196
[   11491ms] [LOG] [Fast Refresh] done in 25ms @ webpack-internal:///(app-pages-browser)/./node_modules/next/dist/client/dev/report-hmr-latency.js:13
[   11614ms] [LOG] %c%s%c [HOME PAGE] Notion 글 수: background: #e6e6e6;background: light-dark(rgba(0,0,0,0.1), rgba(255,255,255,0.25));color: #000000;color: light-dark(#000000, #ffffff);border-radius: 2px  Server   3 @ about://React/Server/webpack-internal:///(rsc)/./app/page.tsx?0:25
[   11614ms] [LOG] %c%s%c [HOME PAGE] 표시될 글 수: background: #e6e6e6;background: light-dark(rgba(0,0,0,0.1), rgba(255,255,255,0.25));color: #000000;color: light-dark(#000000, #ffffff);border-radius: 2px  Server   3 @ about://React/Server/webpack-internal:///(rsc)/./app/page.tsx?1:27
[   11614ms] [LOG] %c%s%c [HOME PAGE] 테스트 글 사용? background: #e6e6e6;background: light-dark(rgba(0,0,0,0.1), rgba(255,255,255,0.25));color: #000000;color: light-dark(#000000, #ffffff);border-radius: 2px  Server   false @ about://React/Server/webpack-internal:///(rsc)/./app/page.tsx?2:28
[   11660ms] [LOG] [Fast Refresh] rebuilding @ webpack-internal:///(app-pages-browser)/./node_modules/next/dist/client/dev/hot-reloader/app/hot-reloader-app.js:196
[   11683ms] [LOG] [Fast Refresh] done in 23ms @ webpack-internal:///(app-pages-browser)/./node_modules/next/dist/client/dev/report-hmr-latency.js:13
[   11804ms] [LOG] %c%s%c [HOME PAGE] Notion 글 수: background: #e6e6e6;background: light-dark(rgba(0,0,0,0.1), rgba(255,255,255,0.25));color: #000000;color: light-dark(#000000, #ffffff);border-radius: 2px  Server   3 @ about://React/Server/webpack-internal:///(rsc)/./app/page.tsx?0:25
[   11804ms] [LOG] %c%s%c [HOME PAGE] 표시될 글 수: background: #e6e6e6;background: light-dark(rgba(0,0,0,0.1), rgba(255,255,255,0.25));color: #000000;color: light-dark(#000000, #ffffff);border-radius: 2px  Server   3 @ about://React/Server/webpack-internal:///(rsc)/./app/page.tsx?1:27
[   11804ms] [LOG] %c%s%c [HOME PAGE] 테스트 글 사용? background: #e6e6e6;background: light-dark(rgba(0,0,0,0.1), rgba(255,255,255,0.25));color: #000000;color: light-dark(#000000, #ffffff);border-radius: 2px  Server   false @ about://React/Server/webpack-internal:///(rsc)/./app/page.tsx?2:28
[   11849ms] [LOG] [Fast Refresh] rebuilding @ webpack-internal:///(app-pages-browser)/./node_modules/next/dist/client/dev/hot-reloader/app/hot-reloader-app.js:196
[   11866ms] [LOG] [Fast Refresh] done in 16ms @ webpack-internal:///(app-pages-browser)/./node_modules/next/dist/client/dev/report-hmr-latency.js:13
[   11900ms] [LOG] %c%s%c [HOME PAGE] Notion 글 수: background: #e6e6e6;background: light-dark(rgba(0,0,0,0.1), rgba(255,255,255,0.25));color: #000000;color: light-dark(#000000, #ffffff);border-radius: 2px  Server   3 @ about://React/Server/webpack-internal:///(rsc)/./app/page.tsx?0:25
[   11900ms] [LOG] %c%s%c [HOME PAGE] 표시될 글 수: background: #e6e6e6;background: light-dark(rgba(0,0,0,0.1), rgba(255,255,255,0.25));color: #000000;color: light-dark(#000000, #ffffff);border-radius: 2px  Server   3 @ about://React/Server/webpack-internal:///(rsc)/./app/page.tsx?1:27
[   11900ms] [LOG] %c%s%c [HOME PAGE] 테스트 글 사용? background: #e6e6e6;background: light-dark(rgba(0,0,0,0.1), rgba(255,255,255,0.25));color: #000000;color: light-dark(#000000, #ffffff);border-radius: 2px  Server   false @ about://React/Server/webpack-internal:///(rsc)/./app/page.tsx?2:28
[   12054ms] [LOG] [Fast Refresh] rebuilding @ webpack-internal:///(app-pages-browser)/./node_modules/next/dist/client/dev/hot-reloader/app/hot-reloader-app.js:196
[   12158ms] [LOG] [Fast Refresh] done in 105ms @ webpack-internal:///(app-pages-browser)/./node_modules/next/dist/client/dev/report-hmr-latency.js:13
[   12186ms] [LOG] %c%s%c [HOME PAGE] Notion 글 수: background: #e6e6e6;background: light-dark(rgba(0,0,0,0.1), rgba(255,255,255,0.25));color: #000000;color: light-dark(#000000, #ffffff);border-radius: 2px  Server   3 @ about://React/Server/webpack-internal:///(rsc)/./app/page.tsx?0:25
[   12186ms] [LOG] %c%s%c [HOME PAGE] 표시될 글 수: background: #e6e6e6;background: light-dark(rgba(0,0,0,0.1), rgba(255,255,255,0.25));color: #000000;color: light-dark(#000000, #ffffff);border-radius: 2px  Server   3 @ about://React/Server/webpack-internal:///(rsc)/./app/page.tsx?1:27
[   12186ms] [LOG] %c%s%c [HOME PAGE] 테스트 글 사용? background: #e6e6e6;background: light-dark(rgba(0,0,0,0.1), rgba(255,255,255,0.25));color: #000000;color: light-dark(#000000, #ffffff);border-radius: 2px  Server   false @ about://React/Server/webpack-internal:///(rsc)/./app/page.tsx?2:28
[   12234ms] [LOG] [Fast Refresh] rebuilding @ webpack-internal:///(app-pages-browser)/./node_modules/next/dist/client/dev/hot-reloader/app/hot-reloader-app.js:196
[   12256ms] [LOG] [Fast Refresh] done in 22ms @ webpack-internal:///(app-pages-browser)/./node_modules/next/dist/client/dev/report-hmr-latency.js:13
[   12369ms] [LOG] %c%s%c [HOME PAGE] Notion 글 수: background: #e6e6e6;background: light-dark(rgba(0,0,0,0.1), rgba(255,255,255,0.25));color: #000000;color: light-dark(#000000, #ffffff);border-radius: 2px  Server   3 @ about://React/Server/webpack-internal:///(rsc)/./app/page.tsx?0:25
[   12369ms] [LOG] %c%s%c [HOME PAGE] 표시될 글 수: background: #e6e6e6;background: light-dark(rgba(0,0,0,0.1), rgba(255,255,255,0.25));color: #000000;color: light-dark(#000000, #ffffff);border-radius: 2px  Server   3 @ about://React/Server/webpack-internal:///(rsc)/./app/page.tsx?1:27
[   12369ms] [LOG] %c%s%c [HOME PAGE] 테스트 글 사용? background: #e6e6e6;background: light-dark(rgba(0,0,0,0.1), rgba(255,255,255,0.25));color: #000000;color: light-dark(#000000, #ffffff);border-radius: 2px  Server   false @ about://React/Server/webpack-internal:///(rsc)/./app/page.tsx?2:28
[   12429ms] [LOG] [Fast Refresh] rebuilding @ webpack-internal:///(app-pages-browser)/./node_modules/next/dist/client/dev/hot-reloader/app/hot-reloader-app.js:196
[   12450ms] [LOG] [Fast Refresh] done in 22ms @ webpack-internal:///(app-pages-browser)/./node_modules/next/dist/client/dev/report-hmr-latency.js:13
[   12574ms] [LOG] %c%s%c [HOME PAGE] Notion 글 수: background: #e6e6e6;background: light-dark(rgba(0,0,0,0.1), rgba(255,255,255,0.25));color: #000000;color: light-dark(#000000, #ffffff);border-radius: 2px  Server   3 @ about://React/Server/webpack-internal:///(rsc)/./app/page.tsx?0:25
[   12575ms] [LOG] %c%s%c [HOME PAGE] 표시될 글 수: background: #e6e6e6;background: light-dark(rgba(0,0,0,0.1), rgba(255,255,255,0.25));color: #000000;color: light-dark(#000000, #ffffff);border-radius: 2px  Server   3 @ about://React/Server/webpack-internal:///(rsc)/./app/page.tsx?1:27
[   12575ms] [LOG] %c%s%c [HOME PAGE] 테스트 글 사용? background: #e6e6e6;background: light-dark(rgba(0,0,0,0.1), rgba(255,255,255,0.25));color: #000000;color: light-dark(#000000, #ffffff);border-radius: 2px  Server   false @ about://React/Server/webpack-internal:///(rsc)/./app/page.tsx?2:28
[   12628ms] [LOG] [Fast Refresh] rebuilding @ webpack-internal:///(app-pages-browser)/./node_modules/next/dist/client/dev/hot-reloader/app/hot-reloader-app.js:196
[   12650ms] [LOG] [Fast Refresh] done in 22ms @ webpack-internal:///(app-pages-browser)/./node_modules/next/dist/client/dev/report-hmr-latency.js:13
[   12763ms] [LOG] %c%s%c [HOME PAGE] Notion 글 수: background: #e6e6e6;background: light-dark(rgba(0,0,0,0.1), rgba(255,255,255,0.25));color: #000000;color: light-dark(#000000, #ffffff);border-radius: 2px  Server   3 @ about://React/Server/webpack-internal:///(rsc)/./app/page.tsx?0:25
[   12763ms] [LOG] %c%s%c [HOME PAGE] 표시될 글 수: background: #e6e6e6;background: light-dark(rgba(0,0,0,0.1), rgba(255,255,255,0.25));color: #000000;color: light-dark(#000000, #ffffff);border-radius: 2px  Server   3 @ about://React/Server/webpack-internal:///(rsc)/./app/page.tsx?1:27
[   12763ms] [LOG] %c%s%c [HOME PAGE] 테스트 글 사용? background: #e6e6e6;background: light-dark(rgba(0,0,0,0.1), rgba(255,255,255,0.25));color: #000000;color: light-dark(#000000, #ffffff);border-radius: 2px  Server   false @ about://React/Server/webpack-internal:///(rsc)/./app/page.tsx?2:28
[   12813ms] [LOG] [Fast Refresh] rebuilding @ webpack-internal:///(app-pages-browser)/./node_modules/next/dist/client/dev/hot-reloader/app/hot-reloader-app.js:196
[   12840ms] [LOG] [Fast Refresh] done in 26ms @ webpack-internal:///(app-pages-browser)/./node_modules/next/dist/client/dev/report-hmr-latency.js:13
[   12957ms] [LOG] %c%s%c [HOME PAGE] Notion 글 수: background: #e6e6e6;background: light-dark(rgba(0,0,0,0.1), rgba(255,255,255,0.25));color: #000000;color: light-dark(#000000, #ffffff);border-radius: 2px  Server   3 @ about://React/Server/webpack-internal:///(rsc)/./app/page.tsx?0:25
[   12957ms] [LOG] %c%s%c [HOME PAGE] 표시될 글 수: background: #e6e6e6;background: light-dark(rgba(0,0,0,0.1), rgba(255,255,255,0.25));color: #000000;color: light-dark(#000000, #ffffff);border-radius: 2px  Server   3 @ about://React/Server/webpack-internal:///(rsc)/./app/page.tsx?1:27
[   12957ms] [LOG] %c%s%c [HOME PAGE] 테스트 글 사용? background: #e6e6e6;background: light-dark(rgba(0,0,0,0.1), rgba(255,255,255,0.25));color: #000000;color: light-dark(#000000, #ffffff);border-radius: 2px  Server   false @ about://React/Server/webpack-internal:///(rsc)/./app/page.tsx?2:28
[   12999ms] [LOG] [Fast Refresh] rebuilding @ webpack-internal:///(app-pages-browser)/./node_modules/next/dist/client/dev/hot-reloader/app/hot-reloader-app.js:196
[   13018ms] [LOG] [Fast Refresh] done in 19ms @ webpack-internal:///(app-pages-browser)/./node_modules/next/dist/client/dev/report-hmr-latency.js:13
[   13140ms] [LOG] %c%s%c [HOME PAGE] Notion 글 수: background: #e6e6e6;background: light-dark(rgba(0,0,0,0.1), rgba(255,255,255,0.25));color: #000000;color: light-dark(#000000, #ffffff);border-radius: 2px  Server   3 @ about://React/Server/webpack-internal:///(rsc)/./app/page.tsx?0:25
[   13140ms] [LOG] %c%s%c [HOME PAGE] 표시될 글 수: background: #e6e6e6;background: light-dark(rgba(0,0,0,0.1), rgba(255,255,255,0.25));color: #000000;color: light-dark(#000000, #ffffff);border-radius: 2px  Server   3 @ about://React/Server/webpack-internal:///(rsc)/./app/page.tsx?1:27
[   13140ms] [LOG] %c%s%c [HOME PAGE] 테스트 글 사용? background: #e6e6e6;background: light-dark(rgba(0,0,0,0.1), rgba(255,255,255,0.25));color: #000000;color: light-dark(#000000, #ffffff);border-radius: 2px  Server   false @ about://React/Server/webpack-internal:///(rsc)/./app/page.tsx?2:28
[   13185ms] [LOG] [Fast Refresh] rebuilding @ webpack-internal:///(app-pages-browser)/./node_modules/next/dist/client/dev/hot-reloader/app/hot-reloader-app.js:196
[   13206ms] [LOG] [Fast Refresh] done in 22ms @ webpack-internal:///(app-pages-browser)/./node_modules/next/dist/client/dev/report-hmr-latency.js:13
[   13323ms] [LOG] %c%s%c [HOME PAGE] Notion 글 수: background: #e6e6e6;background: light-dark(rgba(0,0,0,0.1), rgba(255,255,255,0.25));color: #000000;color: light-dark(#000000, #ffffff);border-radius: 2px  Server   3 @ about://React/Server/webpack-internal:///(rsc)/./app/page.tsx?0:25
[   13324ms] [LOG] %c%s%c [HOME PAGE] 표시될 글 수: background: #e6e6e6;background: light-dark(rgba(0,0,0,0.1), rgba(255,255,255,0.25));color: #000000;color: light-dark(#000000, #ffffff);border-radius: 2px  Server   3 @ about://React/Server/webpack-internal:///(rsc)/./app/page.tsx?1:27
[   13324ms] [LOG] %c%s%c [HOME PAGE] 테스트 글 사용? background: #e6e6e6;background: light-dark(rgba(0,0,0,0.1), rgba(255,255,255,0.25));color: #000000;color: light-dark(#000000, #ffffff);border-radius: 2px  Server   false @ about://React/Server/webpack-internal:///(rsc)/./app/page.tsx?2:28
[   13368ms] [LOG] [Fast Refresh] rebuilding @ webpack-internal:///(app-pages-browser)/./node_modules/next/dist/client/dev/hot-reloader/app/hot-reloader-app.js:196
[   13389ms] [LOG] [Fast Refresh] done in 21ms @ webpack-internal:///(app-pages-browser)/./node_modules/next/dist/client/dev/report-hmr-latency.js:13
[   13516ms] [LOG] %c%s%c [HOME PAGE] Notion 글 수: background: #e6e6e6;background: light-dark(rgba(0,0,0,0.1), rgba(255,255,255,0.25));color: #000000;color: light-dark(#000000, #ffffff);border-radius: 2px  Server   3 @ about://React/Server/webpack-internal:///(rsc)/./app/page.tsx?0:25
[   13516ms] [LOG] %c%s%c [HOME PAGE] 표시될 글 수: background: #e6e6e6;background: light-dark(rgba(0,0,0,0.1), rgba(255,255,255,0.25));color: #000000;color: light-dark(#000000, #ffffff);border-radius: 2px  Server   3 @ about://React/Server/webpack-internal:///(rsc)/./app/page.tsx?1:27
[   13516ms] [LOG] %c%s%c [HOME PAGE] 테스트 글 사용? background: #e6e6e6;background: light-dark(rgba(0,0,0,0.1), rgba(255,255,255,0.25));color: #000000;color: light-dark(#000000, #ffffff);border-radius: 2px  Server   false @ about://React/Server/webpack-internal:///(rsc)/./app/page.tsx?2:28
[   13560ms] [LOG] [Fast Refresh] rebuilding @ webpack-internal:///(app-pages-browser)/./node_modules/next/dist/client/dev/hot-reloader/app/hot-reloader-app.js:196
[   13586ms] [LOG] [Fast Refresh] done in 25ms @ webpack-internal:///(app-pages-browser)/./node_modules/next/dist/client/dev/report-hmr-latency.js:13
[   13695ms] [LOG] %c%s%c [HOME PAGE] Notion 글 수: background: #e6e6e6;background: light-dark(rgba(0,0,0,0.1), rgba(255,255,255,0.25));color: #000000;color: light-dark(#000000, #ffffff);border-radius: 2px  Server   3 @ about://React/Server/webpack-internal:///(rsc)/./app/page.tsx?0:25
[   13695ms] [LOG] %c%s%c [HOME PAGE] 표시될 글 수: background: #e6e6e6;background: light-dark(rgba(0,0,0,0.1), rgba(255,255,255,0.25));color: #000000;color: light-dark(#000000, #ffffff);border-radius: 2px  Server   3 @ about://React/Server/webpack-internal:///(rsc)/./app/page.tsx?1:27
[   13696ms] [LOG] %c%s%c [HOME PAGE] 테스트 글 사용? background: #e6e6e6;background: light-dark(rgba(0,0,0,0.1), rgba(255,255,255,0.25));color: #000000;color: light-dark(#000000, #ffffff);border-radius: 2px  Server   false @ about://React/Server/webpack-internal:///(rsc)/./app/page.tsx?2:28
[   13750ms] [LOG] [Fast Refresh] rebuilding @ webpack-internal:///(app-pages-browser)/./node_modules/next/dist/client/dev/hot-reloader/app/hot-reloader-app.js:196
[   13812ms] [LOG] [Fast Refresh] done in 62ms @ webpack-internal:///(app-pages-browser)/./node_modules/next/dist/client/dev/report-hmr-latency.js:13
[   14081ms] [LOG] %c%s%c [HOME PAGE] Notion 글 수: background: #e6e6e6;background: light-dark(rgba(0,0,0,0.1), rgba(255,255,255,0.25));color: #000000;color: light-dark(#000000, #ffffff);border-radius: 2px  Server   3 @ about://React/Server/webpack-internal:///(rsc)/./app/page.tsx?0:25
[   14082ms] [LOG] %c%s%c [HOME PAGE] 표시될 글 수: background: #e6e6e6;background: light-dark(rgba(0,0,0,0.1), rgba(255,255,255,0.25));color: #000000;color: light-dark(#000000, #ffffff);border-radius: 2px  Server   3 @ about://React/Server/webpack-internal:///(rsc)/./app/page.tsx?1:27
[   14082ms] [LOG] %c%s%c [HOME PAGE] 테스트 글 사용? background: #e6e6e6;background: light-dark(rgba(0,0,0,0.1), rgba(255,255,255,0.25));color: #000000;color: light-dark(#000000, #ffffff);border-radius: 2px  Server   false @ about://React/Server/webpack-internal:///(rsc)/./app/page.tsx?2:28
[   14137ms] [LOG] [Fast Refresh] rebuilding @ webpack-internal:///(app-pages-browser)/./node_modules/next/dist/client/dev/hot-reloader/app/hot-reloader-app.js:196
[   14163ms] [LOG] [Fast Refresh] done in 25ms @ webpack-internal:///(app-pages-browser)/./node_modules/next/dist/client/dev/report-hmr-latency.js:13
[   14285ms] [LOG] %c%s%c [HOME PAGE] Notion 글 수: background: #e6e6e6;background: light-dark(rgba(0,0,0,0.1), rgba(255,255,255,0.25));color: #000000;color: light-dark(#000000, #ffffff);border-radius: 2px  Server   3 @ about://React/Server/webpack-internal:///(rsc)/./app/page.tsx?0:25
[   14285ms] [LOG] %c%s%c [HOME PAGE] 표시될 글 수: background: #e6e6e6;background: light-dark(rgba(0,0,0,0.1), rgba(255,255,255,0.25));color: #000000;color: light-dark(#000000, #ffffff);border-radius: 2px  Server   3 @ about://React/Server/webpack-internal:///(rsc)/./app/page.tsx?1:27
[   14285ms] [LOG] %c%s%c [HOME PAGE] 테스트 글 사용? background: #e6e6e6;background: light-dark(rgba(0,0,0,0.1), rgba(255,255,255,0.25));color: #000000;color: light-dark(#000000, #ffffff);border-radius: 2px  Server   false @ about://React/Server/webpack-internal:///(rsc)/./app/page.tsx?2:28
[   14341ms] [LOG] [Fast Refresh] rebuilding @ webpack-internal:///(app-pages-browser)/./node_modules/next/dist/client/dev/hot-reloader/app/hot-reloader-app.js:196
[   14374ms] [LOG] [Fast Refresh] done in 32ms @ webpack-internal:///(app-pages-browser)/./node_modules/next/dist/client/dev/report-hmr-latency.js:13
[   14490ms] [LOG] %c%s%c [HOME PAGE] Notion 글 수: background: #e6e6e6;background: light-dark(rgba(0,0,0,0.1), rgba(255,255,255,0.25));color: #000000;color: light-dark(#000000, #ffffff);border-radius: 2px  Server   3 @ about://React/Server/webpack-internal:///(rsc)/./app/page.tsx?0:25
[   14490ms] [LOG] %c%s%c [HOME PAGE] 표시될 글 수: background: #e6e6e6;background: light-dark(rgba(0,0,0,0.1), rgba(255,255,255,0.25));color: #000000;color: light-dark(#000000, #ffffff);border-radius: 2px  Server   3 @ about://React/Server/webpack-internal:///(rsc)/./app/page.tsx?1:27
[   14490ms] [LOG] %c%s%c [HOME PAGE] 테스트 글 사용? background: #e6e6e6;background: light-dark(rgba(0,0,0,0.1), rgba(255,255,255,0.25));color: #000000;color: light-dark(#000000, #ffffff);border-radius: 2px  Server   false @ about://React/Server/webpack-internal:///(rsc)/./app/page.tsx?2:28
[   14537ms] [LOG] [Fast Refresh] rebuilding @ webpack-internal:///(app-pages-browser)/./node_modules/next/dist/client/dev/hot-reloader/app/hot-reloader-app.js:196
[   14562ms] [LOG] [Fast Refresh] done in 25ms @ webpack-internal:///(app-pages-browser)/./node_modules/next/dist/client/dev/report-hmr-latency.js:13
[   14683ms] [LOG] %c%s%c [HOME PAGE] Notion 글 수: background: #e6e6e6;background: light-dark(rgba(0,0,0,0.1), rgba(255,255,255,0.25));color: #000000;color: light-dark(#000000, #ffffff);border-radius: 2px  Server   3 @ about://React/Server/webpack-internal:///(rsc)/./app/page.tsx?0:25
[   14683ms] [LOG] %c%s%c [HOME PAGE] 표시될 글 수: background: #e6e6e6;background: light-dark(rgba(0,0,0,0.1), rgba(255,255,255,0.25));color: #000000;color: light-dark(#000000, #ffffff);border-radius: 2px  Server   3 @ about://React/Server/webpack-internal:///(rsc)/./app/page.tsx?1:27
[   14683ms] [LOG] %c%s%c [HOME PAGE] 테스트 글 사용? background: #e6e6e6;background: light-dark(rgba(0,0,0,0.1), rgba(255,255,255,0.25));color: #000000;color: light-dark(#000000, #ffffff);border-radius: 2px  Server   false @ about://React/Server/webpack-internal:///(rsc)/./app/page.tsx?2:28
[   14734ms] [LOG] [Fast Refresh] rebuilding @ webpack-internal:///(app-pages-browser)/./node_modules/next/dist/client/dev/hot-reloader/app/hot-reloader-app.js:196
[   14757ms] [LOG] [Fast Refresh] done in 23ms @ webpack-internal:///(app-pages-browser)/./node_modules/next/dist/client/dev/report-hmr-latency.js:13
[   14879ms] [LOG] %c%s%c [HOME PAGE] Notion 글 수: background: #e6e6e6;background: light-dark(rgba(0,0,0,0.1), rgba(255,255,255,0.25));color: #000000;color: light-dark(#000000, #ffffff);border-radius: 2px  Server   3 @ about://React/Server/webpack-internal:///(rsc)/./app/page.tsx?0:25
[   14879ms] [LOG] %c%s%c [HOME PAGE] 표시될 글 수: background: #e6e6e6;background: light-dark(rgba(0,0,0,0.1), rgba(255,255,255,0.25));color: #000000;color: light-dark(#000000, #ffffff);border-radius: 2px  Server   3 @ about://React/Server/webpack-internal:///(rsc)/./app/page.tsx?1:27
[   14879ms] [LOG] %c%s%c [HOME PAGE] 테스트 글 사용? background: #e6e6e6;background: light-dark(rgba(0,0,0,0.1), rgba(255,255,255,0.25));color: #000000;color: light-dark(#000000, #ffffff);border-radius: 2px  Server   false @ about://React/Server/webpack-internal:///(rsc)/./app/page.tsx?2:28
[   14929ms] [LOG] [Fast Refresh] rebuilding @ webpack-internal:///(app-pages-browser)/./node_modules/next/dist/client/dev/hot-reloader/app/hot-reloader-app.js:196
[   14950ms] [LOG] [Fast Refresh] done in 21ms @ webpack-internal:///(app-pages-browser)/./node_modules/next/dist/client/dev/report-hmr-latency.js:13
[   15066ms] [LOG] %c%s%c [HOME PAGE] Notion 글 수: background: #e6e6e6;background: light-dark(rgba(0,0,0,0.1), rgba(255,255,255,0.25));color: #000000;color: light-dark(#000000, #ffffff);border-radius: 2px  Server   3 @ about://React/Server/webpack-internal:///(rsc)/./app/page.tsx?0:25
[   15066ms] [LOG] %c%s%c [HOME PAGE] 표시될 글 수: background: #e6e6e6;background: light-dark(rgba(0,0,0,0.1), rgba(255,255,255,0.25));color: #000000;color: light-dark(#000000, #ffffff);border-radius: 2px  Server   3 @ about://React/Server/webpack-internal:///(rsc)/./app/page.tsx?1:27
[   15066ms] [LOG] %c%s%c [HOME PAGE] 테스트 글 사용? background: #e6e6e6;background: light-dark(rgba(0,0,0,0.1), rgba(255,255,255,0.25));color: #000000;color: light-dark(#000000, #ffffff);border-radius: 2px  Server   false @ about://React/Server/webpack-internal:///(rsc)/./app/page.tsx?2:28
[   15118ms] [LOG] [Fast Refresh] rebuilding @ webpack-internal:///(app-pages-browser)/./node_modules/next/dist/client/dev/hot-reloader/app/hot-reloader-app.js:196
[   15141ms] [LOG] [Fast Refresh] done in 24ms @ webpack-internal:///(app-pages-browser)/./node_modules/next/dist/client/dev/report-hmr-latency.js:13
[   15269ms] [LOG] %c%s%c [HOME PAGE] Notion 글 수: background: #e6e6e6;background: light-dark(rgba(0,0,0,0.1), rgba(255,255,255,0.25));color: #000000;color: light-dark(#000000, #ffffff);border-radius: 2px  Server   3 @ about://React/Server/webpack-internal:///(rsc)/./app/page.tsx?0:25
[   15269ms] [LOG] %c%s%c [HOME PAGE] 표시될 글 수: background: #e6e6e6;background: light-dark(rgba(0,0,0,0.1), rgba(255,255,255,0.25));color: #000000;color: light-dark(#000000, #ffffff);border-radius: 2px  Server   3 @ about://React/Server/webpack-internal:///(rsc)/./app/page.tsx?1:27
[   15269ms] [LOG] %c%s%c [HOME PAGE] 테스트 글 사용? background: #e6e6e6;background: light-dark(rgba(0,0,0,0.1), rgba(255,255,255,0.25));color: #000000;color: light-dark(#000000, #ffffff);border-radius: 2px  Server   false @ about://React/Server/webpack-internal:///(rsc)/./app/page.tsx?2:28
[   15316ms] [LOG] [Fast Refresh] rebuilding @ webpack-internal:///(app-pages-browser)/./node_modules/next/dist/client/dev/hot-reloader/app/hot-reloader-app.js:196
[   15338ms] [LOG] [Fast Refresh] done in 22ms @ webpack-internal:///(app-pages-browser)/./node_modules/next/dist/client/dev/report-hmr-latency.js:13
[   15458ms] [LOG] %c%s%c [HOME PAGE] Notion 글 수: background: #e6e6e6;background: light-dark(rgba(0,0,0,0.1), rgba(255,255,255,0.25));color: #000000;color: light-dark(#000000, #ffffff);border-radius: 2px  Server   3 @ about://React/Server/webpack-internal:///(rsc)/./app/page.tsx?0:25
[   15458ms] [LOG] %c%s%c [HOME PAGE] 표시될 글 수: background: #e6e6e6;background: light-dark(rgba(0,0,0,0.1), rgba(255,255,255,0.25));color: #000000;color: light-dark(#000000, #ffffff);border-radius: 2px  Server   3 @ about://React/Server/webpack-internal:///(rsc)/./app/page.tsx?1:27
[   15458ms] [LOG] %c%s%c [HOME PAGE] 테스트 글 사용? background: #e6e6e6;background: light-dark(rgba(0,0,0,0.1), rgba(255,255,255,0.25));color: #000000;color: light-dark(#000000, #ffffff);border-radius: 2px  Server   false @ about://React/Server/webpack-internal:///(rsc)/./app/page.tsx?2:28
[   15505ms] [LOG] [Fast Refresh] rebuilding @ webpack-internal:///(app-pages-browser)/./node_modules/next/dist/client/dev/hot-reloader/app/hot-reloader-app.js:196
[   15528ms] [LOG] [Fast Refresh] done in 24ms @ webpack-internal:///(app-pages-browser)/./node_modules/next/dist/client/dev/report-hmr-latency.js:13
[   15647ms] [LOG] %c%s%c [HOME PAGE] Notion 글 수: background: #e6e6e6;background: light-dark(rgba(0,0,0,0.1), rgba(255,255,255,0.25));color: #000000;color: light-dark(#000000, #ffffff);border-radius: 2px  Server   3 @ about://React/Server/webpack-internal:///(rsc)/./app/page.tsx?0:25
[   15648ms] [LOG] %c%s%c [HOME PAGE] 표시될 글 수: background: #e6e6e6;background: light-dark(rgba(0,0,0,0.1), rgba(255,255,255,0.25));color: #000000;color: light-dark(#000000, #ffffff);border-radius: 2px  Server   3 @ about://React/Server/webpack-internal:///(rsc)/./app/page.tsx?1:27
[   15648ms] [LOG] %c%s%c [HOME PAGE] 테스트 글 사용? background: #e6e6e6;background: light-dark(rgba(0,0,0,0.1), rgba(255,255,255,0.25));color: #000000;color: light-dark(#000000, #ffffff);border-radius: 2px  Server   false @ about://React/Server/webpack-internal:///(rsc)/./app/page.tsx?2:28
[   15696ms] [LOG] [Fast Refresh] rebuilding @ webpack-internal:///(app-pages-browser)/./node_modules/next/dist/client/dev/hot-reloader/app/hot-reloader-app.js:196
[   15720ms] [LOG] [Fast Refresh] done in 23ms @ webpack-internal:///(app-pages-browser)/./node_modules/next/dist/client/dev/report-hmr-latency.js:13
[   15830ms] [LOG] %c%s%c [HOME PAGE] Notion 글 수: background: #e6e6e6;background: light-dark(rgba(0,0,0,0.1), rgba(255,255,255,0.25));color: #000000;color: light-dark(#000000, #ffffff);border-radius: 2px  Server   3 @ about://React/Server/webpack-internal:///(rsc)/./app/page.tsx?0:25
[   15830ms] [LOG] %c%s%c [HOME PAGE] 표시될 글 수: background: #e6e6e6;background: light-dark(rgba(0,0,0,0.1), rgba(255,255,255,0.25));color: #000000;color: light-dark(#000000, #ffffff);border-radius: 2px  Server   3 @ about://React/Server/webpack-internal:///(rsc)/./app/page.tsx?1:27
[   15831ms] [LOG] %c%s%c [HOME PAGE] 테스트 글 사용? background: #e6e6e6;background: light-dark(rgba(0,0,0,0.1), rgba(255,255,255,0.25));color: #000000;color: light-dark(#000000, #ffffff);border-radius: 2px  Server   false @ about://React/Server/webpack-internal:///(rsc)/./app/page.tsx?2:28
[   15878ms] [LOG] [Fast Refresh] rebuilding @ webpack-internal:///(app-pages-browser)/./node_modules/next/dist/client/dev/hot-reloader/app/hot-reloader-app.js:196
[   15899ms] [LOG] [Fast Refresh] done in 20ms @ webpack-internal:///(app-pages-browser)/./node_modules/next/dist/client/dev/report-hmr-latency.js:13
[   16018ms] [LOG] %c%s%c [HOME PAGE] Notion 글 수: background: #e6e6e6;background: light-dark(rgba(0,0,0,0.1), rgba(255,255,255,0.25));color: #000000;color: light-dark(#000000, #ffffff);border-radius: 2px  Server   3 @ about://React/Server/webpack-internal:///(rsc)/./app/page.tsx?0:25
[   16018ms] [LOG] %c%s%c [HOME PAGE] 표시될 글 수: background: #e6e6e6;background: light-dark(rgba(0,0,0,0.1), rgba(255,255,255,0.25));color: #000000;color: light-dark(#000000, #ffffff);border-radius: 2px  Server   3 @ about://React/Server/webpack-internal:///(rsc)/./app/page.tsx?1:27
[   16018ms] [LOG] %c%s%c [HOME PAGE] 테스트 글 사용? background: #e6e6e6;background: light-dark(rgba(0,0,0,0.1), rgba(255,255,255,0.25));color: #000000;color: light-dark(#000000, #ffffff);border-radius: 2px  Server   false @ about://React/Server/webpack-internal:///(rsc)/./app/page.tsx?2:28
[   16063ms] [LOG] [Fast Refresh] rebuilding @ webpack-internal:///(app-pages-browser)/./node_modules/next/dist/client/dev/hot-reloader/app/hot-reloader-app.js:196
[   16088ms] [LOG] [Fast Refresh] done in 24ms @ webpack-internal:///(app-pages-browser)/./node_modules/next/dist/client/dev/report-hmr-latency.js:13
[   16200ms] [LOG] %c%s%c [HOME PAGE] Notion 글 수: background: #e6e6e6;background: light-dark(rgba(0,0,0,0.1), rgba(255,255,255,0.25));color: #000000;color: light-dark(#000000, #ffffff);border-radius: 2px  Server   3 @ about://React/Server/webpack-internal:///(rsc)/./app/page.tsx?0:25
[   16200ms] [LOG] %c%s%c [HOME PAGE] 표시될 글 수: background: #e6e6e6;background: light-dark(rgba(0,0,0,0.1), rgba(255,255,255,0.25));color: #000000;color: light-dark(#000000, #ffffff);border-radius: 2px  Server   3 @ about://React/Server/webpack-internal:///(rsc)/./app/page.tsx?1:27
[   16200ms] [LOG] %c%s%c [HOME PAGE] 테스트 글 사용? background: #e6e6e6;background: light-dark(rgba(0,0,0,0.1), rgba(255,255,255,0.25));color: #000000;color: light-dark(#000000, #ffffff);border-radius: 2px  Server   false @ about://React/Server/webpack-internal:///(rsc)/./app/page.tsx?2:28
[   16246ms] [LOG] [Fast Refresh] rebuilding @ webpack-internal:///(app-pages-browser)/./node_modules/next/dist/client/dev/hot-reloader/app/hot-reloader-app.js:196
[   16274ms] [LOG] [Fast Refresh] done in 29ms @ webpack-internal:///(app-pages-browser)/./node_modules/next/dist/client/dev/report-hmr-latency.js:13
[   16386ms] [LOG] %c%s%c [HOME PAGE] Notion 글 수: background: #e6e6e6;background: light-dark(rgba(0,0,0,0.1), rgba(255,255,255,0.25));color: #000000;color: light-dark(#000000, #ffffff);border-radius: 2px  Server   3 @ about://React/Server/webpack-internal:///(rsc)/./app/page.tsx?0:25
[   16386ms] [LOG] %c%s%c [HOME PAGE] 표시될 글 수: background: #e6e6e6;background: light-dark(rgba(0,0,0,0.1), rgba(255,255,255,0.25));color: #000000;color: light-dark(#000000, #ffffff);border-radius: 2px  Server   3 @ about://React/Server/webpack-internal:///(rsc)/./app/page.tsx?1:27
[   16386ms] [LOG] %c%s%c [HOME PAGE] 테스트 글 사용? background: #e6e6e6;background: light-dark(rgba(0,0,0,0.1), rgba(255,255,255,0.25));color: #000000;color: light-dark(#000000, #ffffff);border-radius: 2px  Server   false @ about://React/Server/webpack-internal:///(rsc)/./app/page.tsx?2:28
[   16435ms] [LOG] [Fast Refresh] rebuilding @ webpack-internal:///(app-pages-browser)/./node_modules/next/dist/client/dev/hot-reloader/app/hot-reloader-app.js:196
[   16463ms] [LOG] [Fast Refresh] done in 28ms @ webpack-internal:///(app-pages-browser)/./node_modules/next/dist/client/dev/report-hmr-latency.js:13
[   16584ms] [LOG] %c%s%c [HOME PAGE] Notion 글 수: background: #e6e6e6;background: light-dark(rgba(0,0,0,0.1), rgba(255,255,255,0.25));color: #000000;color: light-dark(#000000, #ffffff);border-radius: 2px  Server   3 @ about://React/Server/webpack-internal:///(rsc)/./app/page.tsx?0:25
[   16584ms] [LOG] %c%s%c [HOME PAGE] 표시될 글 수: background: #e6e6e6;background: light-dark(rgba(0,0,0,0.1), rgba(255,255,255,0.25));color: #000000;color: light-dark(#000000, #ffffff);border-radius: 2px  Server   3 @ about://React/Server/webpack-internal:///(rsc)/./app/page.tsx?1:27
[   16584ms] [LOG] %c%s%c [HOME PAGE] 테스트 글 사용? background: #e6e6e6;background: light-dark(rgba(0,0,0,0.1), rgba(255,255,255,0.25));color: #000000;color: light-dark(#000000, #ffffff);border-radius: 2px  Server   false @ about://React/Server/webpack-internal:///(rsc)/./app/page.tsx?2:28
[   16654ms] [LOG] [Fast Refresh] rebuilding @ webpack-internal:///(app-pages-browser)/./node_modules/next/dist/client/dev/hot-reloader/app/hot-reloader-app.js:196
[   16692ms] [LOG] [Fast Refresh] done in 37ms @ webpack-internal:///(app-pages-browser)/./node_modules/next/dist/client/dev/report-hmr-latency.js:13
[   16839ms] [LOG] %c%s%c [HOME PAGE] Notion 글 수: background: #e6e6e6;background: light-dark(rgba(0,0,0,0.1), rgba(255,255,255,0.25));color: #000000;color: light-dark(#000000, #ffffff);border-radius: 2px  Server   3 @ about://React/Server/webpack-internal:///(rsc)/./app/page.tsx?0:25
[   16839ms] [LOG] %c%s%c [HOME PAGE] 표시될 글 수: background: #e6e6e6;background: light-dark(rgba(0,0,0,0.1), rgba(255,255,255,0.25));color: #000000;color: light-dark(#000000, #ffffff);border-radius: 2px  Server   3 @ about://React/Server/webpack-internal:///(rsc)/./app/page.tsx?1:27
[   16839ms] [LOG] %c%s%c [HOME PAGE] 테스트 글 사용? background: #e6e6e6;background: light-dark(rgba(0,0,0,0.1), rgba(255,255,255,0.25));color: #000000;color: light-dark(#000000, #ffffff);border-radius: 2px  Server   false @ about://React/Server/webpack-internal:///(rsc)/./app/page.tsx?2:28
[   16912ms] [LOG] [Fast Refresh] rebuilding @ webpack-internal:///(app-pages-browser)/./node_modules/next/dist/client/dev/hot-reloader/app/hot-reloader-app.js:196
[   16944ms] [LOG] [Fast Refresh] done in 32ms @ webpack-internal:///(app-pages-browser)/./node_modules/next/dist/client/dev/report-hmr-latency.js:13
[   17098ms] [LOG] %c%s%c [HOME PAGE] Notion 글 수: background: #e6e6e6;background: light-dark(rgba(0,0,0,0.1), rgba(255,255,255,0.25));color: #000000;color: light-dark(#000000, #ffffff);border-radius: 2px  Server   3 @ about://React/Server/webpack-internal:///(rsc)/./app/page.tsx?0:25
[   17098ms] [LOG] %c%s%c [HOME PAGE] 표시될 글 수: background: #e6e6e6;background: light-dark(rgba(0,0,0,0.1), rgba(255,255,255,0.25));color: #000000;color: light-dark(#000000, #ffffff);border-radius: 2px  Server   3 @ about://React/Server/webpack-internal:///(rsc)/./app/page.tsx?1:27
[   17098ms] [LOG] %c%s%c [HOME PAGE] 테스트 글 사용? background: #e6e6e6;background: light-dark(rgba(0,0,0,0.1), rgba(255,255,255,0.25));color: #000000;color: light-dark(#000000, #ffffff);border-radius: 2px  Server   false @ about://React/Server/webpack-internal:///(rsc)/./app/page.tsx?2:28
[   17148ms] [LOG] [Fast Refresh] rebuilding @ webpack-internal:///(app-pages-browser)/./node_modules/next/dist/client/dev/hot-reloader/app/hot-reloader-app.js:196
[   17177ms] [LOG] [Fast Refresh] done in 28ms @ webpack-internal:///(app-pages-browser)/./node_modules/next/dist/client/dev/report-hmr-latency.js:13
[   17345ms] [LOG] %c%s%c [HOME PAGE] Notion 글 수: background: #e6e6e6;background: light-dark(rgba(0,0,0,0.1), rgba(255,255,255,0.25));color: #000000;color: light-dark(#000000, #ffffff);border-radius: 2px  Server   3 @ about://React/Server/webpack-internal:///(rsc)/./app/page.tsx?0:25
[   17345ms] [LOG] %c%s%c [HOME PAGE] 표시될 글 수: background: #e6e6e6;background: light-dark(rgba(0,0,0,0.1), rgba(255,255,255,0.25));color: #000000;color: light-dark(#000000, #ffffff);border-radius: 2px  Server   3 @ about://React/Server/webpack-internal:///(rsc)/./app/page.tsx?1:27
[   17345ms] [LOG] %c%s%c [HOME PAGE] 테스트 글 사용? background: #e6e6e6;background: light-dark(rgba(0,0,0,0.1), rgba(255,255,255,0.25));color: #000000;color: light-dark(#000000, #ffffff);border-radius: 2px  Server   false @ about://React/Server/webpack-internal:///(rsc)/./app/page.tsx?2:28
[   17408ms] [LOG] [Fast Refresh] rebuilding @ webpack-internal:///(app-pages-browser)/./node_modules/next/dist/client/dev/hot-reloader/app/hot-reloader-app.js:196
[   17442ms] [LOG] [Fast Refresh] done in 34ms @ webpack-internal:///(app-pages-browser)/./node_modules/next/dist/client/dev/report-hmr-latency.js:13
[   17571ms] [LOG] %c%s%c [HOME PAGE] Notion 글 수: background: #e6e6e6;background: light-dark(rgba(0,0,0,0.1), rgba(255,255,255,0.25));color: #000000;color: light-dark(#000000, #ffffff);border-radius: 2px  Server   3 @ about://React/Server/webpack-internal:///(rsc)/./app/page.tsx?0:25
[   17572ms] [LOG] %c%s%c [HOME PAGE] 표시될 글 수: background: #e6e6e6;background: light-dark(rgba(0,0,0,0.1), rgba(255,255,255,0.25));color: #000000;color: light-dark(#000000, #ffffff);border-radius: 2px  Server   3 @ about://React/Server/webpack-internal:///(rsc)/./app/page.tsx?1:27
[   17572ms] [LOG] %c%s%c [HOME PAGE] 테스트 글 사용? background: #e6e6e6;background: light-dark(rgba(0,0,0,0.1), rgba(255,255,255,0.25));color: #000000;color: light-dark(#000000, #ffffff);border-radius: 2px  Server   false @ about://React/Server/webpack-internal:///(rsc)/./app/page.tsx?2:28
[   17627ms] [LOG] [Fast Refresh] rebuilding @ webpack-internal:///(app-pages-browser)/./node_modules/next/dist/client/dev/hot-reloader/app/hot-reloader-app.js:196
[   17653ms] [LOG] [Fast Refresh] done in 26ms @ webpack-internal:///(app-pages-browser)/./node_modules/next/dist/client/dev/report-hmr-latency.js:13
[   17778ms] [LOG] %c%s%c [HOME PAGE] Notion 글 수: background: #e6e6e6;background: light-dark(rgba(0,0,0,0.1), rgba(255,255,255,0.25));color: #000000;color: light-dark(#000000, #ffffff);border-radius: 2px  Server   3 @ about://React/Server/webpack-internal:///(rsc)/./app/page.tsx?0:25
[   17778ms] [LOG] %c%s%c [HOME PAGE] 표시될 글 수: background: #e6e6e6;background: light-dark(rgba(0,0,0,0.1), rgba(255,255,255,0.25));color: #000000;color: light-dark(#000000, #ffffff);border-radius: 2px  Server   3 @ about://React/Server/webpack-internal:///(rsc)/./app/page.tsx?1:27
[   17778ms] [LOG] %c%s%c [HOME PAGE] 테스트 글 사용? background: #e6e6e6;background: light-dark(rgba(0,0,0,0.1), rgba(255,255,255,0.25));color: #000000;color: light-dark(#000000, #ffffff);border-radius: 2px  Server   false @ about://React/Server/webpack-internal:///(rsc)/./app/page.tsx?2:28
[   17839ms] [LOG] [Fast Refresh] rebuilding @ webpack-internal:///(app-pages-browser)/./node_modules/next/dist/client/dev/hot-reloader/app/hot-reloader-app.js:196
[   17867ms] [LOG] [Fast Refresh] done in 27ms @ webpack-internal:///(app-pages-browser)/./node_modules/next/dist/client/dev/report-hmr-latency.js:13
[   18003ms] [LOG] %c%s%c [HOME PAGE] Notion 글 수: background: #e6e6e6;background: light-dark(rgba(0,0,0,0.1), rgba(255,255,255,0.25));color: #000000;color: light-dark(#000000, #ffffff);border-radius: 2px  Server   3 @ about://React/Server/webpack-internal:///(rsc)/./app/page.tsx?0:25
[   18003ms] [LOG] %c%s%c [HOME PAGE] 표시될 글 수: background: #e6e6e6;background: light-dark(rgba(0,0,0,0.1), rgba(255,255,255,0.25));color: #000000;color: light-dark(#000000, #ffffff);border-radius: 2px  Server   3 @ about://React/Server/webpack-internal:///(rsc)/./app/page.tsx?1:27
[   18003ms] [LOG] %c%s%c [HOME PAGE] 테스트 글 사용? background: #e6e6e6;background: light-dark(rgba(0,0,0,0.1), rgba(255,255,255,0.25));color: #000000;color: light-dark(#000000, #ffffff);border-radius: 2px  Server   false @ about://React/Server/webpack-internal:///(rsc)/./app/page.tsx?2:28
[   18053ms] [LOG] [Fast Refresh] rebuilding @ webpack-internal:///(app-pages-browser)/./node_modules/next/dist/client/dev/hot-reloader/app/hot-reloader-app.js:196
[   18080ms] [LOG] [Fast Refresh] done in 28ms @ webpack-internal:///(app-pages-browser)/./node_modules/next/dist/client/dev/report-hmr-latency.js:13
[   18201ms] [LOG] %c%s%c [HOME PAGE] Notion 글 수: background: #e6e6e6;background: light-dark(rgba(0,0,0,0.1), rgba(255,255,255,0.25));color: #000000;color: light-dark(#000000, #ffffff);border-radius: 2px  Server   3 @ about://React/Server/webpack-internal:///(rsc)/./app/page.tsx?0:25
[   18201ms] [LOG] %c%s%c [HOME PAGE] 표시될 글 수: background: #e6e6e6;background: light-dark(rgba(0,0,0,0.1), rgba(255,255,255,0.25));color: #000000;color: light-dark(#000000, #ffffff);border-radius: 2px  Server   3 @ about://React/Server/webpack-internal:///(rsc)/./app/page.tsx?1:27
[   18201ms] [LOG] %c%s%c [HOME PAGE] 테스트 글 사용? background: #e6e6e6;background: light-dark(rgba(0,0,0,0.1), rgba(255,255,255,0.25));color: #000000;color: light-dark(#000000, #ffffff);border-radius: 2px  Server   false @ about://React/Server/webpack-internal:///(rsc)/./app/page.tsx?2:28
[   18252ms] [LOG] [Fast Refresh] rebuilding @ webpack-internal:///(app-pages-browser)/./node_modules/next/dist/client/dev/hot-reloader/app/hot-reloader-app.js:196
[   18281ms] [LOG] [Fast Refresh] done in 29ms @ webpack-internal:///(app-pages-browser)/./node_modules/next/dist/client/dev/report-hmr-latency.js:13
[   18430ms] [LOG] %c%s%c [HOME PAGE] Notion 글 수: background: #e6e6e6;background: light-dark(rgba(0,0,0,0.1), rgba(255,255,255,0.25));color: #000000;color: light-dark(#000000, #ffffff);border-radius: 2px  Server   3 @ about://React/Server/webpack-internal:///(rsc)/./app/page.tsx?0:25
[   18430ms] [LOG] %c%s%c [HOME PAGE] 표시될 글 수: background: #e6e6e6;background: light-dark(rgba(0,0,0,0.1), rgba(255,255,255,0.25));color: #000000;color: light-dark(#000000, #ffffff);border-radius: 2px  Server   3 @ about://React/Server/webpack-internal:///(rsc)/./app/page.tsx?1:27
[   18430ms] [LOG] %c%s%c [HOME PAGE] 테스트 글 사용? background: #e6e6e6;background: light-dark(rgba(0,0,0,0.1), rgba(255,255,255,0.25));color: #000000;color: light-dark(#000000, #ffffff);border-radius: 2px  Server   false @ about://React/Server/webpack-internal:///(rsc)/./app/page.tsx?2:28
[   18479ms] [LOG] [Fast Refresh] rebuilding @ webpack-internal:///(app-pages-browser)/./node_modules/next/dist/client/dev/hot-reloader/app/hot-reloader-app.js:196
[   18504ms] [LOG] [Fast Refresh] done in 25ms @ webpack-internal:///(app-pages-browser)/./node_modules/next/dist/client/dev/report-hmr-latency.js:13
[   18614ms] [LOG] %c%s%c [HOME PAGE] Notion 글 수: background: #e6e6e6;background: light-dark(rgba(0,0,0,0.1), rgba(255,255,255,0.25));color: #000000;color: light-dark(#000000, #ffffff);border-radius: 2px  Server   3 @ about://React/Server/webpack-internal:///(rsc)/./app/page.tsx?0:25
[   18615ms] [LOG] %c%s%c [HOME PAGE] 표시될 글 수: background: #e6e6e6;background: light-dark(rgba(0,0,0,0.1), rgba(255,255,255,0.25));color: #000000;color: light-dark(#000000, #ffffff);border-radius: 2px  Server   3 @ about://React/Server/webpack-internal:///(rsc)/./app/page.tsx?1:27
[   18615ms] [LOG] %c%s%c [HOME PAGE] 테스트 글 사용? background: #e6e6e6;background: light-dark(rgba(0,0,0,0.1), rgba(255,255,255,0.25));color: #000000;color: light-dark(#000000, #ffffff);border-radius: 2px  Server   false @ about://React/Server/webpack-internal:///(rsc)/./app/page.tsx?2:28
[   18658ms] [LOG] [Fast Refresh] rebuilding @ webpack-internal:///(app-pages-browser)/./node_modules/next/dist/client/dev/hot-reloader/app/hot-reloader-app.js:196
[   18674ms] [LOG] [Fast Refresh] done in 17ms @ webpack-internal:///(app-pages-browser)/./node_modules/next/dist/client/dev/report-hmr-latency.js:13
[   18812ms] [LOG] %c%s%c [HOME PAGE] Notion 글 수: background: #e6e6e6;background: light-dark(rgba(0,0,0,0.1), rgba(255,255,255,0.25));color: #000000;color: light-dark(#000000, #ffffff);border-radius: 2px  Server   3 @ about://React/Server/webpack-internal:///(rsc)/./app/page.tsx?0:25
[   18812ms] [LOG] %c%s%c [HOME PAGE] 표시될 글 수: background: #e6e6e6;background: light-dark(rgba(0,0,0,0.1), rgba(255,255,255,0.25));color: #000000;color: light-dark(#000000, #ffffff);border-radius: 2px  Server   3 @ about://React/Server/webpack-internal:///(rsc)/./app/page.tsx?1:27
[   18812ms] [LOG] %c%s%c [HOME PAGE] 테스트 글 사용? background: #e6e6e6;background: light-dark(rgba(0,0,0,0.1), rgba(255,255,255,0.25));color: #000000;color: light-dark(#000000, #ffffff);border-radius: 2px  Server   false @ about://React/Server/webpack-internal:///(rsc)/./app/page.tsx?2:28
[   18858ms] [LOG] [Fast Refresh] rebuilding @ webpack-internal:///(app-pages-browser)/./node_modules/next/dist/client/dev/hot-reloader/app/hot-reloader-app.js:196
[   18874ms] [LOG] [Fast Refresh] done in 16ms @ webpack-internal:///(app-pages-browser)/./node_modules/next/dist/client/dev/report-hmr-latency.js:13
[   18996ms] [LOG] %c%s%c [HOME PAGE] Notion 글 수: background: #e6e6e6;background: light-dark(rgba(0,0,0,0.1), rgba(255,255,255,0.25));color: #000000;color: light-dark(#000000, #ffffff);border-radius: 2px  Server   3 @ about://React/Server/webpack-internal:///(rsc)/./app/page.tsx?0:25
[   18996ms] [LOG] %c%s%c [HOME PAGE] 표시될 글 수: background: #e6e6e6;background: light-dark(rgba(0,0,0,0.1), rgba(255,255,255,0.25));color: #000000;color: light-dark(#000000, #ffffff);border-radius: 2px  Server   3 @ about://React/Server/webpack-internal:///(rsc)/./app/page.tsx?1:27
[   18996ms] [LOG] %c%s%c [HOME PAGE] 테스트 글 사용? background: #e6e6e6;background: light-dark(rgba(0,0,0,0.1), rgba(255,255,255,0.25));color: #000000;color: light-dark(#000000, #ffffff);border-radius: 2px  Server   false @ about://React/Server/webpack-internal:///(rsc)/./app/page.tsx?2:28
[   19042ms] [LOG] [Fast Refresh] rebuilding @ webpack-internal:///(app-pages-browser)/./node_modules/next/dist/client/dev/hot-reloader/app/hot-reloader-app.js:196
[   19058ms] [LOG] [Fast Refresh] done in 16ms @ webpack-internal:///(app-pages-browser)/./node_modules/next/dist/client/dev/report-hmr-latency.js:13
[   19165ms] [LOG] %c%s%c [HOME PAGE] Notion 글 수: background: #e6e6e6;background: light-dark(rgba(0,0,0,0.1), rgba(255,255,255,0.25));color: #000000;color: light-dark(#000000, #ffffff);border-radius: 2px  Server   3 @ about://React/Server/webpack-internal:///(rsc)/./app/page.tsx?0:25
[   19165ms] [LOG] %c%s%c [HOME PAGE] 표시될 글 수: background: #e6e6e6;background: light-dark(rgba(0,0,0,0.1), rgba(255,255,255,0.25));color: #000000;color: light-dark(#000000, #ffffff);border-radius: 2px  Server   3 @ about://React/Server/webpack-internal:///(rsc)/./app/page.tsx?1:27
[   19166ms] [LOG] %c%s%c [HOME PAGE] 테스트 글 사용? background: #e6e6e6;background: light-dark(rgba(0,0,0,0.1), rgba(255,255,255,0.25));color: #000000;color: light-dark(#000000, #ffffff);border-radius: 2px  Server   false @ about://React/Server/webpack-internal:///(rsc)/./app/page.tsx?2:28
[   19249ms] [LOG] [Fast Refresh] rebuilding @ webpack-internal:///(app-pages-browser)/./node_modules/next/dist/client/dev/hot-reloader/app/hot-reloader-app.js:196
[   19365ms] [LOG] [Fast Refresh] done in 115ms @ webpack-internal:///(app-pages-browser)/./node_modules/next/dist/client/dev/report-hmr-latency.js:13
[   19365ms] [LOG] %c%s%c [HOME PAGE] Notion 글 수: background: #e6e6e6;background: light-dark(rgba(0,0,0,0.1), rgba(255,255,255,0.25));color: #000000;color: light-dark(#000000, #ffffff);border-radius: 2px  Server   3 @ about://React/Server/webpack-internal:///(rsc)/./app/page.tsx?0:25
[   19365ms] [LOG] %c%s%c [HOME PAGE] 표시될 글 수: background: #e6e6e6;background: light-dark(rgba(0,0,0,0.1), rgba(255,255,255,0.25));color: #000000;color: light-dark(#000000, #ffffff);border-radius: 2px  Server   3 @ about://React/Server/webpack-internal:///(rsc)/./app/page.tsx?1:27
[   19366ms] [LOG] %c%s%c [HOME PAGE] 테스트 글 사용? background: #e6e6e6;background: light-dark(rgba(0,0,0,0.1), rgba(255,255,255,0.25));color: #000000;color: light-dark(#000000, #ffffff);border-radius: 2px  Server   false @ about://React/Server/webpack-internal:///(rsc)/./app/page.tsx?2:28
[   19435ms] [LOG] [Fast Refresh] rebuilding @ webpack-internal:///(app-pages-browser)/./node_modules/next/dist/client/dev/hot-reloader/app/hot-reloader-app.js:196
[   19576ms] [LOG] [Fast Refresh] done in 141ms @ webpack-internal:///(app-pages-browser)/./node_modules/next/dist/client/dev/report-hmr-latency.js:13
[   19602ms] [LOG] %c%s%c [HOME PAGE] Notion 글 수: background: #e6e6e6;background: light-dark(rgba(0,0,0,0.1), rgba(255,255,255,0.25));color: #000000;color: light-dark(#000000, #ffffff);border-radius: 2px  Server   3 @ about://React/Server/webpack-internal:///(rsc)/./app/page.tsx?0:25
[   19602ms] [LOG] %c%s%c [HOME PAGE] 표시될 글 수: background: #e6e6e6;background: light-dark(rgba(0,0,0,0.1), rgba(255,255,255,0.25));color: #000000;color: light-dark(#000000, #ffffff);border-radius: 2px  Server   3 @ about://React/Server/webpack-internal:///(rsc)/./app/page.tsx?1:27
[   19602ms] [LOG] %c%s%c [HOME PAGE] 테스트 글 사용? background: #e6e6e6;background: light-dark(rgba(0,0,0,0.1), rgba(255,255,255,0.25));color: #000000;color: light-dark(#000000, #ffffff);border-radius: 2px  Server   false @ about://React/Server/webpack-internal:///(rsc)/./app/page.tsx?2:28
[   19650ms] [LOG] [Fast Refresh] rebuilding @ webpack-internal:///(app-pages-browser)/./node_modules/next/dist/client/dev/hot-reloader/app/hot-reloader-app.js:196
[   19671ms] [LOG] [Fast Refresh] done in 20ms @ webpack-internal:///(app-pages-browser)/./node_modules/next/dist/client/dev/report-hmr-latency.js:13
[   19790ms] [LOG] %c%s%c [HOME PAGE] Notion 글 수: background: #e6e6e6;background: light-dark(rgba(0,0,0,0.1), rgba(255,255,255,0.25));color: #000000;color: light-dark(#000000, #ffffff);border-radius: 2px  Server   3 @ about://React/Server/webpack-internal:///(rsc)/./app/page.tsx?0:25
[   19790ms] [LOG] %c%s%c [HOME PAGE] 표시될 글 수: background: #e6e6e6;background: light-dark(rgba(0,0,0,0.1), rgba(255,255,255,0.25));color: #000000;color: light-dark(#000000, #ffffff);border-radius: 2px  Server   3 @ about://React/Server/webpack-internal:///(rsc)/./app/page.tsx?1:27
[   19790ms] [LOG] %c%s%c [HOME PAGE] 테스트 글 사용? background: #e6e6e6;background: light-dark(rgba(0,0,0,0.1), rgba(255,255,255,0.25));color: #000000;color: light-dark(#000000, #ffffff);border-radius: 2px  Server   false @ about://React/Server/webpack-internal:///(rsc)/./app/page.tsx?2:28
[   19838ms] [LOG] [Fast Refresh] rebuilding @ webpack-internal:///(app-pages-browser)/./node_modules/next/dist/client/dev/hot-reloader/app/hot-reloader-app.js:196
[   19857ms] [LOG] [Fast Refresh] done in 18ms @ webpack-internal:///(app-pages-browser)/./node_modules/next/dist/client/dev/report-hmr-latency.js:13
[   19980ms] [LOG] %c%s%c [HOME PAGE] Notion 글 수: background: #e6e6e6;background: light-dark(rgba(0,0,0,0.1), rgba(255,255,255,0.25));color: #000000;color: light-dark(#000000, #ffffff);border-radius: 2px  Server   3 @ about://React/Server/webpack-internal:///(rsc)/./app/page.tsx?0:25
[   19980ms] [LOG] %c%s%c [HOME PAGE] 표시될 글 수: background: #e6e6e6;background: light-dark(rgba(0,0,0,0.1), rgba(255,255,255,0.25));color: #000000;color: light-dark(#000000, #ffffff);border-radius: 2px  Server   3 @ about://React/Server/webpack-internal:///(rsc)/./app/page.tsx?1:27
[   19980ms] [LOG] %c%s%c [HOME PAGE] 테스트 글 사용? background: #e6e6e6;background: light-dark(rgba(0,0,0,0.1), rgba(255,255,255,0.25));color: #000000;color: light-dark(#000000, #ffffff);border-radius: 2px  Server   false @ about://React/Server/webpack-internal:///(rsc)/./app/page.tsx?2:28
[   20026ms] [LOG] [Fast Refresh] rebuilding @ webpack-internal:///(app-pages-browser)/./node_modules/next/dist/client/dev/hot-reloader/app/hot-reloader-app.js:196
[   20048ms] [LOG] [Fast Refresh] done in 22ms @ webpack-internal:///(app-pages-browser)/./node_modules/next/dist/client/dev/report-hmr-latency.js:13
[   20166ms] [LOG] %c%s%c [HOME PAGE] Notion 글 수: background: #e6e6e6;background: light-dark(rgba(0,0,0,0.1), rgba(255,255,255,0.25));color: #000000;color: light-dark(#000000, #ffffff);border-radius: 2px  Server   3 @ about://React/Server/webpack-internal:///(rsc)/./app/page.tsx?0:25
[   20166ms] [LOG] %c%s%c [HOME PAGE] 표시될 글 수: background: #e6e6e6;background: light-dark(rgba(0,0,0,0.1), rgba(255,255,255,0.25));color: #000000;color: light-dark(#000000, #ffffff);border-radius: 2px  Server   3 @ about://React/Server/webpack-internal:///(rsc)/./app/page.tsx?1:27
[   20166ms] [LOG] %c%s%c [HOME PAGE] 테스트 글 사용? background: #e6e6e6;background: light-dark(rgba(0,0,0,0.1), rgba(255,255,255,0.25));color: #000000;color: light-dark(#000000, #ffffff);border-radius: 2px  Server   false @ about://React/Server/webpack-internal:///(rsc)/./app/page.tsx?2:28
[   20210ms] [LOG] [Fast Refresh] rebuilding @ webpack-internal:///(app-pages-browser)/./node_modules/next/dist/client/dev/hot-reloader/app/hot-reloader-app.js:196
[   20233ms] [LOG] [Fast Refresh] done in 22ms @ webpack-internal:///(app-pages-browser)/./node_modules/next/dist/client/dev/report-hmr-latency.js:13
[   20353ms] [LOG] %c%s%c [HOME PAGE] Notion 글 수: background: #e6e6e6;background: light-dark(rgba(0,0,0,0.1), rgba(255,255,255,0.25));color: #000000;color: light-dark(#000000, #ffffff);border-radius: 2px  Server   3 @ about://React/Server/webpack-internal:///(rsc)/./app/page.tsx?0:25
[   20353ms] [LOG] %c%s%c [HOME PAGE] 표시될 글 수: background: #e6e6e6;background: light-dark(rgba(0,0,0,0.1), rgba(255,255,255,0.25));color: #000000;color: light-dark(#000000, #ffffff);border-radius: 2px  Server   3 @ about://React/Server/webpack-internal:///(rsc)/./app/page.tsx?1:27
[   20353ms] [LOG] %c%s%c [HOME PAGE] 테스트 글 사용? background: #e6e6e6;background: light-dark(rgba(0,0,0,0.1), rgba(255,255,255,0.25));color: #000000;color: light-dark(#000000, #ffffff);border-radius: 2px  Server   false @ about://React/Server/webpack-internal:///(rsc)/./app/page.tsx?2:28
[   20404ms] [LOG] [Fast Refresh] rebuilding @ webpack-internal:///(app-pages-browser)/./node_modules/next/dist/client/dev/hot-reloader/app/hot-reloader-app.js:196
[   20427ms] [LOG] [Fast Refresh] done in 23ms @ webpack-internal:///(app-pages-browser)/./node_modules/next/dist/client/dev/report-hmr-latency.js:13
[   20547ms] [LOG] %c%s%c [HOME PAGE] Notion 글 수: background: #e6e6e6;background: light-dark(rgba(0,0,0,0.1), rgba(255,255,255,0.25));color: #000000;color: light-dark(#000000, #ffffff);border-radius: 2px  Server   3 @ about://React/Server/webpack-internal:///(rsc)/./app/page.tsx?0:25
[   20547ms] [LOG] %c%s%c [HOME PAGE] 표시될 글 수: background: #e6e6e6;background: light-dark(rgba(0,0,0,0.1), rgba(255,255,255,0.25));color: #000000;color: light-dark(#000000, #ffffff);border-radius: 2px  Server   3 @ about://React/Server/webpack-internal:///(rsc)/./app/page.tsx?1:27
[   20547ms] [LOG] %c%s%c [HOME PAGE] 테스트 글 사용? background: #e6e6e6;background: light-dark(rgba(0,0,0,0.1), rgba(255,255,255,0.25));color: #000000;color: light-dark(#000000, #ffffff);border-radius: 2px  Server   false @ about://React/Server/webpack-internal:///(rsc)/./app/page.tsx?2:28
[   20598ms] [LOG] [Fast Refresh] rebuilding @ webpack-internal:///(app-pages-browser)/./node_modules/next/dist/client/dev/hot-reloader/app/hot-reloader-app.js:196
[   20617ms] [LOG] [Fast Refresh] done in 20ms @ webpack-internal:///(app-pages-browser)/./node_modules/next/dist/client/dev/report-hmr-latency.js:13
[   20752ms] [LOG] %c%s%c [HOME PAGE] Notion 글 수: background: #e6e6e6;background: light-dark(rgba(0,0,0,0.1), rgba(255,255,255,0.25));color: #000000;color: light-dark(#000000, #ffffff);border-radius: 2px  Server   3 @ about://React/Server/webpack-internal:///(rsc)/./app/page.tsx?0:25
[   20753ms] [LOG] %c%s%c [HOME PAGE] 표시될 글 수: background: #e6e6e6;background: light-dark(rgba(0,0,0,0.1), rgba(255,255,255,0.25));color: #000000;color: light-dark(#000000, #ffffff);border-radius: 2px  Server   3 @ about://React/Server/webpack-internal:///(rsc)/./app/page.tsx?1:27
[   20753ms] [LOG] %c%s%c [HOME PAGE] 테스트 글 사용? background: #e6e6e6;background: light-dark(rgba(0,0,0,0.1), rgba(255,255,255,0.25));color: #000000;color: light-dark(#000000, #ffffff);border-radius: 2px  Server   false @ about://React/Server/webpack-internal:///(rsc)/./app/page.tsx?2:28
[   20793ms] [LOG] [Fast Refresh] rebuilding @ webpack-internal:///(app-pages-browser)/./node_modules/next/dist/client/dev/hot-reloader/app/hot-reloader-app.js:196
[   20814ms] [LOG] [Fast Refresh] done in 21ms @ webpack-internal:///(app-pages-browser)/./node_modules/next/dist/client/dev/report-hmr-latency.js:13
[   20937ms] [LOG] %c%s%c [HOME PAGE] Notion 글 수: background: #e6e6e6;background: light-dark(rgba(0,0,0,0.1), rgba(255,255,255,0.25));color: #000000;color: light-dark(#000000, #ffffff);border-radius: 2px  Server   3 @ about://React/Server/webpack-internal:///(rsc)/./app/page.tsx?0:25
[   20937ms] [LOG] %c%s%c [HOME PAGE] 표시될 글 수: background: #e6e6e6;background: light-dark(rgba(0,0,0,0.1), rgba(255,255,255,0.25));color: #000000;color: light-dark(#000000, #ffffff);border-radius: 2px  Server   3 @ about://React/Server/webpack-internal:///(rsc)/./app/page.tsx?1:27
[   20937ms] [LOG] %c%s%c [HOME PAGE] 테스트 글 사용? background: #e6e6e6;background: light-dark(rgba(0,0,0,0.1), rgba(255,255,255,0.25));color: #000000;color: light-dark(#000000, #ffffff);border-radius: 2px  Server   false @ about://React/Server/webpack-internal:///(rsc)/./app/page.tsx?2:28
[   20982ms] [LOG] [Fast Refresh] rebuilding @ webpack-internal:///(app-pages-browser)/./node_modules/next/dist/client/dev/hot-reloader/app/hot-reloader-app.js:196
[   21006ms] [LOG] [Fast Refresh] done in 23ms @ webpack-internal:///(app-pages-browser)/./node_modules/next/dist/client/dev/report-hmr-latency.js:13
[   21122ms] [LOG] %c%s%c [HOME PAGE] Notion 글 수: background: #e6e6e6;background: light-dark(rgba(0,0,0,0.1), rgba(255,255,255,0.25));color: #000000;color: light-dark(#000000, #ffffff);border-radius: 2px  Server   3 @ about://React/Server/webpack-internal:///(rsc)/./app/page.tsx?0:25
[   21123ms] [LOG] %c%s%c [HOME PAGE] 표시될 글 수: background: #e6e6e6;background: light-dark(rgba(0,0,0,0.1), rgba(255,255,255,0.25));color: #000000;color: light-dark(#000000, #ffffff);border-radius: 2px  Server   3 @ about://React/Server/webpack-internal:///(rsc)/./app/page.tsx?1:27
[   21123ms] [LOG] %c%s%c [HOME PAGE] 테스트 글 사용? background: #e6e6e6;background: light-dark(rgba(0,0,0,0.1), rgba(255,255,255,0.25));color: #000000;color: light-dark(#000000, #ffffff);border-radius: 2px  Server   false @ about://React/Server/webpack-internal:///(rsc)/./app/page.tsx?2:28
[   21170ms] [LOG] [Fast Refresh] rebuilding @ webpack-internal:///(app-pages-browser)/./node_modules/next/dist/client/dev/hot-reloader/app/hot-reloader-app.js:196
[   21191ms] [LOG] [Fast Refresh] done in 20ms @ webpack-internal:///(app-pages-browser)/./node_modules/next/dist/client/dev/report-hmr-latency.js:13
[   21311ms] [LOG] %c%s%c [HOME PAGE] Notion 글 수: background: #e6e6e6;background: light-dark(rgba(0,0,0,0.1), rgba(255,255,255,0.25));color: #000000;color: light-dark(#000000, #ffffff);border-radius: 2px  Server   3 @ about://React/Server/webpack-internal:///(rsc)/./app/page.tsx?0:25
[   21311ms] [LOG] %c%s%c [HOME PAGE] 표시될 글 수: background: #e6e6e6;background: light-dark(rgba(0,0,0,0.1), rgba(255,255,255,0.25));color: #000000;color: light-dark(#000000, #ffffff);border-radius: 2px  Server   3 @ about://React/Server/webpack-internal:///(rsc)/./app/page.tsx?1:27
[   21311ms] [LOG] %c%s%c [HOME PAGE] 테스트 글 사용? background: #e6e6e6;background: light-dark(rgba(0,0,0,0.1), rgba(255,255,255,0.25));color: #000000;color: light-dark(#000000, #ffffff);border-radius: 2px  Server   false @ about://React/Server/webpack-internal:///(rsc)/./app/page.tsx?2:28
[   21359ms] [LOG] [Fast Refresh] rebuilding @ webpack-internal:///(app-pages-browser)/./node_modules/next/dist/client/dev/hot-reloader/app/hot-reloader-app.js:196
[   21381ms] [LOG] [Fast Refresh] done in 22ms @ webpack-internal:///(app-pages-browser)/./node_modules/next/dist/client/dev/report-hmr-latency.js:13
[   21500ms] [LOG] %c%s%c [HOME PAGE] Notion 글 수: background: #e6e6e6;background: light-dark(rgba(0,0,0,0.1), rgba(255,255,255,0.25));color: #000000;color: light-dark(#000000, #ffffff);border-radius: 2px  Server   3 @ about://React/Server/webpack-internal:///(rsc)/./app/page.tsx?0:25
[   21500ms] [LOG] %c%s%c [HOME PAGE] 표시될 글 수: background: #e6e6e6;background: light-dark(rgba(0,0,0,0.1), rgba(255,255,255,0.25));color: #000000;color: light-dark(#000000, #ffffff);border-radius: 2px  Server   3 @ about://React/Server/webpack-internal:///(rsc)/./app/page.tsx?1:27
[   21501ms] [LOG] %c%s%c [HOME PAGE] 테스트 글 사용? background: #e6e6e6;background: light-dark(rgba(0,0,0,0.1), rgba(255,255,255,0.25));color: #000000;color: light-dark(#000000, #ffffff);border-radius: 2px  Server   false @ about://React/Server/webpack-internal:///(rsc)/./app/page.tsx?2:28
[   21553ms] [LOG] [Fast Refresh] rebuilding @ webpack-internal:///(app-pages-browser)/./node_modules/next/dist/client/dev/hot-reloader/app/hot-reloader-app.js:196
[   21587ms] [LOG] [Fast Refresh] done in 34ms @ webpack-internal:///(app-pages-browser)/./node_modules/next/dist/client/dev/report-hmr-latency.js:13
[   21785ms] [LOG] %c%s%c [HOME PAGE] Notion 글 수: background: #e6e6e6;background: light-dark(rgba(0,0,0,0.1), rgba(255,255,255,0.25));color: #000000;color: light-dark(#000000, #ffffff);border-radius: 2px  Server   3 @ about://React/Server/webpack-internal:///(rsc)/./app/page.tsx?0:25
[   21785ms] [LOG] %c%s%c [HOME PAGE] 표시될 글 수: background: #e6e6e6;background: light-dark(rgba(0,0,0,0.1), rgba(255,255,255,0.25));color: #000000;color: light-dark(#000000, #ffffff);border-radius: 2px  Server   3 @ about://React/Server/webpack-internal:///(rsc)/./app/page.tsx?1:27
[   21785ms] [LOG] %c%s%c [HOME PAGE] 테스트 글 사용? background: #e6e6e6;background: light-dark(rgba(0,0,0,0.1), rgba(255,255,255,0.25));color: #000000;color: light-dark(#000000, #ffffff);border-radius: 2px  Server   false @ about://React/Server/webpack-internal:///(rsc)/./app/page.tsx?2:28
[   21839ms] [LOG] [Fast Refresh] rebuilding @ webpack-internal:///(app-pages-browser)/./node_modules/next/dist/client/dev/hot-reloader/app/hot-reloader-app.js:196
[   21864ms] [LOG] [Fast Refresh] done in 24ms @ webpack-internal:///(app-pages-browser)/./node_modules/next/dist/client/dev/report-hmr-latency.js:13
[   21988ms] [LOG] %c%s%c [HOME PAGE] Notion 글 수: background: #e6e6e6;background: light-dark(rgba(0,0,0,0.1), rgba(255,255,255,0.25));color: #000000;color: light-dark(#000000, #ffffff);border-radius: 2px  Server   3 @ about://React/Server/webpack-internal:///(rsc)/./app/page.tsx?0:25
[   21988ms] [LOG] %c%s%c [HOME PAGE] 표시될 글 수: background: #e6e6e6;background: light-dark(rgba(0,0,0,0.1), rgba(255,255,255,0.25));color: #000000;color: light-dark(#000000, #ffffff);border-radius: 2px  Server   3 @ about://React/Server/webpack-internal:///(rsc)/./app/page.tsx?1:27
[   21988ms] [LOG] %c%s%c [HOME PAGE] 테스트 글 사용? background: #e6e6e6;background: light-dark(rgba(0,0,0,0.1), rgba(255,255,255,0.25));color: #000000;color: light-dark(#000000, #ffffff);border-radius: 2px  Server   false @ about://React/Server/webpack-internal:///(rsc)/./app/page.tsx?2:28
[   22033ms] [LOG] [Fast Refresh] rebuilding @ webpack-internal:///(app-pages-browser)/./node_modules/next/dist/client/dev/hot-reloader/app/hot-reloader-app.js:196
[   22054ms] [LOG] [Fast Refresh] done in 21ms @ webpack-internal:///(app-pages-browser)/./node_modules/next/dist/client/dev/report-hmr-latency.js:13
[   22196ms] [LOG] %c%s%c [HOME PAGE] Notion 글 수: background: #e6e6e6;background: light-dark(rgba(0,0,0,0.1), rgba(255,255,255,0.25));color: #000000;color: light-dark(#000000, #ffffff);border-radius: 2px  Server   3 @ about://React/Server/webpack-internal:///(rsc)/./app/page.tsx?0:25
[   22196ms] [LOG] %c%s%c [HOME PAGE] 표시될 글 수: background: #e6e6e6;background: light-dark(rgba(0,0,0,0.1), rgba(255,255,255,0.25));color: #000000;color: light-dark(#000000, #ffffff);border-radius: 2px  Server   3 @ about://React/Server/webpack-internal:///(rsc)/./app/page.tsx?1:27
[   22196ms] [LOG] %c%s%c [HOME PAGE] 테스트 글 사용? background: #e6e6e6;background: light-dark(rgba(0,0,0,0.1), rgba(255,255,255,0.25));color: #000000;color: light-dark(#000000, #ffffff);border-radius: 2px  Server   false @ about://React/Server/webpack-internal:///(rsc)/./app/page.tsx?2:28
[   22242ms] [LOG] [Fast Refresh] rebuilding @ webpack-internal:///(app-pages-browser)/./node_modules/next/dist/client/dev/hot-reloader/app/hot-reloader-app.js:196
[   22269ms] [LOG] [Fast Refresh] done in 26ms @ webpack-internal:///(app-pages-browser)/./node_modules/next/dist/client/dev/report-hmr-latency.js:13
[   22431ms] [LOG] %c%s%c [HOME PAGE] Notion 글 수: background: #e6e6e6;background: light-dark(rgba(0,0,0,0.1), rgba(255,255,255,0.25));color: #000000;color: light-dark(#000000, #ffffff);border-radius: 2px  Server   3 @ about://React/Server/webpack-internal:///(rsc)/./app/page.tsx?0:25
[   22432ms] [LOG] %c%s%c [HOME PAGE] 표시될 글 수: background: #e6e6e6;background: light-dark(rgba(0,0,0,0.1), rgba(255,255,255,0.25));color: #000000;color: light-dark(#000000, #ffffff);border-radius: 2px  Server   3 @ about://React/Server/webpack-internal:///(rsc)/./app/page.tsx?1:27
[   22432ms] [LOG] %c%s%c [HOME PAGE] 테스트 글 사용? background: #e6e6e6;background: light-dark(rgba(0,0,0,0.1), rgba(255,255,255,0.25));color: #000000;color: light-dark(#000000, #ffffff);border-radius: 2px  Server   false @ about://React/Server/webpack-internal:///(rsc)/./app/page.tsx?2:28
[   22484ms] [LOG] [Fast Refresh] rebuilding @ webpack-internal:///(app-pages-browser)/./node_modules/next/dist/client/dev/hot-reloader/app/hot-reloader-app.js:196
[   22508ms] [LOG] [Fast Refresh] done in 24ms @ webpack-internal:///(app-pages-browser)/./node_modules/next/dist/client/dev/report-hmr-latency.js:13
[   22625ms] [LOG] %c%s%c [HOME PAGE] Notion 글 수: background: #e6e6e6;background: light-dark(rgba(0,0,0,0.1), rgba(255,255,255,0.25));color: #000000;color: light-dark(#000000, #ffffff);border-radius: 2px  Server   3 @ about://React/Server/webpack-internal:///(rsc)/./app/page.tsx?0:25
[   22625ms] [LOG] %c%s%c [HOME PAGE] 표시될 글 수: background: #e6e6e6;background: light-dark(rgba(0,0,0,0.1), rgba(255,255,255,0.25));color: #000000;color: light-dark(#000000, #ffffff);border-radius: 2px  Server   3 @ about://React/Server/webpack-internal:///(rsc)/./app/page.tsx?1:27
[   22625ms] [LOG] %c%s%c [HOME PAGE] 테스트 글 사용? background: #e6e6e6;background: light-dark(rgba(0,0,0,0.1), rgba(255,255,255,0.25));color: #000000;color: light-dark(#000000, #ffffff);border-radius: 2px  Server   false @ about://React/Server/webpack-internal:///(rsc)/./app/page.tsx?2:28
[   22667ms] [LOG] [Fast Refresh] rebuilding @ webpack-internal:///(app-pages-browser)/./node_modules/next/dist/client/dev/hot-reloader/app/hot-reloader-app.js:196
[   22691ms] [LOG] [Fast Refresh] done in 23ms @ webpack-internal:///(app-pages-browser)/./node_modules/next/dist/client/dev/report-hmr-latency.js:13
[   22805ms] [LOG] %c%s%c [HOME PAGE] Notion 글 수: background: #e6e6e6;background: light-dark(rgba(0,0,0,0.1), rgba(255,255,255,0.25));color: #000000;color: light-dark(#000000, #ffffff);border-radius: 2px  Server   3 @ about://React/Server/webpack-internal:///(rsc)/./app/page.tsx?0:25
[   22805ms] [LOG] %c%s%c [HOME PAGE] 표시될 글 수: background: #e6e6e6;background: light-dark(rgba(0,0,0,0.1), rgba(255,255,255,0.25));color: #000000;color: light-dark(#000000, #ffffff);border-radius: 2px  Server   3 @ about://React/Server/webpack-internal:///(rsc)/./app/page.tsx?1:27
[   22805ms] [LOG] %c%s%c [HOME PAGE] 테스트 글 사용? background: #e6e6e6;background: light-dark(rgba(0,0,0,0.1), rgba(255,255,255,0.25));color: #000000;color: light-dark(#000000, #ffffff);border-radius: 2px  Server   false @ about://React/Server/webpack-internal:///(rsc)/./app/page.tsx?2:28
[   22850ms] [LOG] [Fast Refresh] rebuilding @ webpack-internal:///(app-pages-browser)/./node_modules/next/dist/client/dev/hot-reloader/app/hot-reloader-app.js:196
[   22874ms] [LOG] [Fast Refresh] done in 24ms @ webpack-internal:///(app-pages-browser)/./node_modules/next/dist/client/dev/report-hmr-latency.js:13
[   22994ms] [LOG] %c%s%c [HOME PAGE] Notion 글 수: background: #e6e6e6;background: light-dark(rgba(0,0,0,0.1), rgba(255,255,255,0.25));color: #000000;color: light-dark(#000000, #ffffff);border-radius: 2px  Server   3 @ about://React/Server/webpack-internal:///(rsc)/./app/page.tsx?0:25
[   22994ms] [LOG] %c%s%c [HOME PAGE] 표시될 글 수: background: #e6e6e6;background: light-dark(rgba(0,0,0,0.1), rgba(255,255,255,0.25));color: #000000;color: light-dark(#000000, #ffffff);border-radius: 2px  Server   3 @ about://React/Server/webpack-internal:///(rsc)/./app/page.tsx?1:27
[   22994ms] [LOG] %c%s%c [HOME PAGE] 테스트 글 사용? background: #e6e6e6;background: light-dark(rgba(0,0,0,0.1), rgba(255,255,255,0.25));color: #000000;color: light-dark(#000000, #ffffff);border-radius: 2px  Server   false @ about://React/Server/webpack-internal:///(rsc)/./app/page.tsx?2:28
[   23035ms] [LOG] [Fast Refresh] rebuilding @ webpack-internal:///(app-pages-browser)/./node_modules/next/dist/client/dev/hot-reloader/app/hot-reloader-app.js:196
[   23060ms] [LOG] [Fast Refresh] done in 24ms @ webpack-internal:///(app-pages-browser)/./node_modules/next/dist/client/dev/report-hmr-latency.js:13
[   23188ms] [LOG] %c%s%c [HOME PAGE] Notion 글 수: background: #e6e6e6;background: light-dark(rgba(0,0,0,0.1), rgba(255,255,255,0.25));color: #000000;color: light-dark(#000000, #ffffff);border-radius: 2px  Server   3 @ about://React/Server/webpack-internal:///(rsc)/./app/page.tsx?0:25
[   23188ms] [LOG] %c%s%c [HOME PAGE] 표시될 글 수: background: #e6e6e6;background: light-dark(rgba(0,0,0,0.1), rgba(255,255,255,0.25));color: #000000;color: light-dark(#000000, #ffffff);border-radius: 2px  Server   3 @ about://React/Server/webpack-internal:///(rsc)/./app/page.tsx?1:27
[   23189ms] [LOG] %c%s%c [HOME PAGE] 테스트 글 사용? background: #e6e6e6;background: light-dark(rgba(0,0,0,0.1), rgba(255,255,255,0.25));color: #000000;color: light-dark(#000000, #ffffff);border-radius: 2px  Server   false @ about://React/Server/webpack-internal:///(rsc)/./app/page.tsx?2:28
[   23230ms] [LOG] [Fast Refresh] rebuilding @ webpack-internal:///(app-pages-browser)/./node_modules/next/dist/client/dev/hot-reloader/app/hot-reloader-app.js:196
[   23252ms] [LOG] [Fast Refresh] done in 21ms @ webpack-internal:///(app-pages-browser)/./node_modules/next/dist/client/dev/report-hmr-latency.js:13
[   23374ms] [LOG] %c%s%c [HOME PAGE] Notion 글 수: background: #e6e6e6;background: light-dark(rgba(0,0,0,0.1), rgba(255,255,255,0.25));color: #000000;color: light-dark(#000000, #ffffff);border-radius: 2px  Server   3 @ about://React/Server/webpack-internal:///(rsc)/./app/page.tsx?0:25
[   23374ms] [LOG] %c%s%c [HOME PAGE] 표시될 글 수: background: #e6e6e6;background: light-dark(rgba(0,0,0,0.1), rgba(255,255,255,0.25));color: #000000;color: light-dark(#000000, #ffffff);border-radius: 2px  Server   3 @ about://React/Server/webpack-internal:///(rsc)/./app/page.tsx?1:27
[   23374ms] [LOG] %c%s%c [HOME PAGE] 테스트 글 사용? background: #e6e6e6;background: light-dark(rgba(0,0,0,0.1), rgba(255,255,255,0.25));color: #000000;color: light-dark(#000000, #ffffff);border-radius: 2px  Server   false @ about://React/Server/webpack-internal:///(rsc)/./app/page.tsx?2:28
[   23419ms] [LOG] [Fast Refresh] rebuilding @ webpack-internal:///(app-pages-browser)/./node_modules/next/dist/client/dev/hot-reloader/app/hot-reloader-app.js:196
[   23442ms] [LOG] [Fast Refresh] done in 22ms @ webpack-internal:///(app-pages-browser)/./node_modules/next/dist/client/dev/report-hmr-latency.js:13
[   23568ms] [LOG] %c%s%c [HOME PAGE] Notion 글 수: background: #e6e6e6;background: light-dark(rgba(0,0,0,0.1), rgba(255,255,255,0.25));color: #000000;color: light-dark(#000000, #ffffff);border-radius: 2px  Server   3 @ about://React/Server/webpack-internal:///(rsc)/./app/page.tsx?0:25
[   23568ms] [LOG] %c%s%c [HOME PAGE] 표시될 글 수: background: #e6e6e6;background: light-dark(rgba(0,0,0,0.1), rgba(255,255,255,0.25));color: #000000;color: light-dark(#000000, #ffffff);border-radius: 2px  Server   3 @ about://React/Server/webpack-internal:///(rsc)/./app/page.tsx?1:27
[   23568ms] [LOG] %c%s%c [HOME PAGE] 테스트 글 사용? background: #e6e6e6;background: light-dark(rgba(0,0,0,0.1), rgba(255,255,255,0.25));color: #000000;color: light-dark(#000000, #ffffff);border-radius: 2px  Server   false @ about://React/Server/webpack-internal:///(rsc)/./app/page.tsx?2:28
[   23617ms] [LOG] [Fast Refresh] rebuilding @ webpack-internal:///(app-pages-browser)/./node_modules/next/dist/client/dev/hot-reloader/app/hot-reloader-app.js:196
[   23638ms] [LOG] [Fast Refresh] done in 21ms @ webpack-internal:///(app-pages-browser)/./node_modules/next/dist/client/dev/report-hmr-latency.js:13
[   23752ms] [LOG] %c%s%c [HOME PAGE] Notion 글 수: background: #e6e6e6;background: light-dark(rgba(0,0,0,0.1), rgba(255,255,255,0.25));color: #000000;color: light-dark(#000000, #ffffff);border-radius: 2px  Server   3 @ about://React/Server/webpack-internal:///(rsc)/./app/page.tsx?0:25
[   23752ms] [LOG] %c%s%c [HOME PAGE] 표시될 글 수: background: #e6e6e6;background: light-dark(rgba(0,0,0,0.1), rgba(255,255,255,0.25));color: #000000;color: light-dark(#000000, #ffffff);border-radius: 2px  Server   3 @ about://React/Server/webpack-internal:///(rsc)/./app/page.tsx?1:27
[   23752ms] [LOG] %c%s%c [HOME PAGE] 테스트 글 사용? background: #e6e6e6;background: light-dark(rgba(0,0,0,0.1), rgba(255,255,255,0.25));color: #000000;color: light-dark(#000000, #ffffff);border-radius: 2px  Server   false @ about://React/Server/webpack-internal:///(rsc)/./app/page.tsx?2:28
[   23795ms] [LOG] [Fast Refresh] rebuilding @ webpack-internal:///(app-pages-browser)/./node_modules/next/dist/client/dev/hot-reloader/app/hot-reloader-app.js:196
[   23821ms] [LOG] [Fast Refresh] done in 26ms @ webpack-internal:///(app-pages-browser)/./node_modules/next/dist/client/dev/report-hmr-latency.js:13
[   23967ms] [LOG] %c%s%c [HOME PAGE] Notion 글 수: background: #e6e6e6;background: light-dark(rgba(0,0,0,0.1), rgba(255,255,255,0.25));color: #000000;color: light-dark(#000000, #ffffff);border-radius: 2px  Server   3 @ about://React/Server/webpack-internal:///(rsc)/./app/page.tsx?0:25
[   23968ms] [LOG] %c%s%c [HOME PAGE] 표시될 글 수: background: #e6e6e6;background: light-dark(rgba(0,0,0,0.1), rgba(255,255,255,0.25));color: #000000;color: light-dark(#000000, #ffffff);border-radius: 2px  Server   3 @ about://React/Server/webpack-internal:///(rsc)/./app/page.tsx?1:27
[   23968ms] [LOG] %c%s%c [HOME PAGE] 테스트 글 사용? background: #e6e6e6;background: light-dark(rgba(0,0,0,0.1), rgba(255,255,255,0.25));color: #000000;color: light-dark(#000000, #ffffff);border-radius: 2px  Server   false @ about://React/Server/webpack-internal:///(rsc)/./app/page.tsx?2:28
[   24011ms] [LOG] [Fast Refresh] rebuilding @ webpack-internal:///(app-pages-browser)/./node_modules/next/dist/client/dev/hot-reloader/app/hot-reloader-app.js:196
[   24035ms] [LOG] [Fast Refresh] done in 24ms @ webpack-internal:///(app-pages-browser)/./node_modules/next/dist/client/dev/report-hmr-latency.js:13
[   24152ms] [LOG] %c%s%c [HOME PAGE] Notion 글 수: background: #e6e6e6;background: light-dark(rgba(0,0,0,0.1), rgba(255,255,255,0.25));color: #000000;color: light-dark(#000000, #ffffff);border-radius: 2px  Server   3 @ about://React/Server/webpack-internal:///(rsc)/./app/page.tsx?0:25
[   24152ms] [LOG] %c%s%c [HOME PAGE] 표시될 글 수: background: #e6e6e6;background: light-dark(rgba(0,0,0,0.1), rgba(255,255,255,0.25));color: #000000;color: light-dark(#000000, #ffffff);border-radius: 2px  Server   3 @ about://React/Server/webpack-internal:///(rsc)/./app/page.tsx?1:27
[   24152ms] [LOG] %c%s%c [HOME PAGE] 테스트 글 사용? background: #e6e6e6;background: light-dark(rgba(0,0,0,0.1), rgba(255,255,255,0.25));color: #000000;color: light-dark(#000000, #ffffff);border-radius: 2px  Server   false @ about://React/Server/webpack-internal:///(rsc)/./app/page.tsx?2:28
[   24198ms] [LOG] [Fast Refresh] rebuilding @ webpack-internal:///(app-pages-browser)/./node_modules/next/dist/client/dev/hot-reloader/app/hot-reloader-app.js:196
[   24221ms] [LOG] [Fast Refresh] done in 23ms @ webpack-internal:///(app-pages-browser)/./node_modules/next/dist/client/dev/report-hmr-latency.js:13
[   24335ms] [LOG] %c%s%c [HOME PAGE] Notion 글 수: background: #e6e6e6;background: light-dark(rgba(0,0,0,0.1), rgba(255,255,255,0.25));color: #000000;color: light-dark(#000000, #ffffff);border-radius: 2px  Server   3 @ about://React/Server/webpack-internal:///(rsc)/./app/page.tsx?0:25
[   24335ms] [LOG] %c%s%c [HOME PAGE] 표시될 글 수: background: #e6e6e6;background: light-dark(rgba(0,0,0,0.1), rgba(255,255,255,0.25));color: #000000;color: light-dark(#000000, #ffffff);border-radius: 2px  Server   3 @ about://React/Server/webpack-internal:///(rsc)/./app/page.tsx?1:27
[   24335ms] [LOG] %c%s%c [HOME PAGE] 테스트 글 사용? background: #e6e6e6;background: light-dark(rgba(0,0,0,0.1), rgba(255,255,255,0.25));color: #000000;color: light-dark(#000000, #ffffff);border-radius: 2px  Server   false @ about://React/Server/webpack-internal:///(rsc)/./app/page.tsx?2:28
[   24381ms] [LOG] [Fast Refresh] rebuilding @ webpack-internal:///(app-pages-browser)/./node_modules/next/dist/client/dev/hot-reloader/app/hot-reloader-app.js:196
[   24400ms] [LOG] [Fast Refresh] done in 19ms @ webpack-internal:///(app-pages-browser)/./node_modules/next/dist/client/dev/report-hmr-latency.js:13
[   24512ms] [LOG] %c%s%c [HOME PAGE] Notion 글 수: background: #e6e6e6;background: light-dark(rgba(0,0,0,0.1), rgba(255,255,255,0.25));color: #000000;color: light-dark(#000000, #ffffff);border-radius: 2px  Server   3 @ about://React/Server/webpack-internal:///(rsc)/./app/page.tsx?0:25
[   24512ms] [LOG] %c%s%c [HOME PAGE] 표시될 글 수: background: #e6e6e6;background: light-dark(rgba(0,0,0,0.1), rgba(255,255,255,0.25));color: #000000;color: light-dark(#000000, #ffffff);border-radius: 2px  Server   3 @ about://React/Server/webpack-internal:///(rsc)/./app/page.tsx?1:27
[   24512ms] [LOG] %c%s%c [HOME PAGE] 테스트 글 사용? background: #e6e6e6;background: light-dark(rgba(0,0,0,0.1), rgba(255,255,255,0.25));color: #000000;color: light-dark(#000000, #ffffff);border-radius: 2px  Server   false @ about://React/Server/webpack-internal:///(rsc)/./app/page.tsx?2:28
[   24565ms] [LOG] [Fast Refresh] rebuilding @ webpack-internal:///(app-pages-browser)/./node_modules/next/dist/client/dev/hot-reloader/app/hot-reloader-app.js:196
[   24589ms] [LOG] [Fast Refresh] done in 25ms @ webpack-internal:///(app-pages-browser)/./node_modules/next/dist/client/dev/report-hmr-latency.js:13
[   24696ms] [LOG] %c%s%c [HOME PAGE] Notion 글 수: background: #e6e6e6;background: light-dark(rgba(0,0,0,0.1), rgba(255,255,255,0.25));color: #000000;color: light-dark(#000000, #ffffff);border-radius: 2px  Server   3 @ about://React/Server/webpack-internal:///(rsc)/./app/page.tsx?0:25
[   24697ms] [LOG] %c%s%c [HOME PAGE] 표시될 글 수: background: #e6e6e6;background: light-dark(rgba(0,0,0,0.1), rgba(255,255,255,0.25));color: #000000;color: light-dark(#000000, #ffffff);border-radius: 2px  Server   3 @ about://React/Server/webpack-internal:///(rsc)/./app/page.tsx?1:27
[   24697ms] [LOG] %c%s%c [HOME PAGE] 테스트 글 사용? background: #e6e6e6;background: light-dark(rgba(0,0,0,0.1), rgba(255,255,255,0.25));color: #000000;color: light-dark(#000000, #ffffff);border-radius: 2px  Server   false @ about://React/Server/webpack-internal:///(rsc)/./app/page.tsx?2:28
[   24748ms] [LOG] [Fast Refresh] rebuilding @ webpack-internal:///(app-pages-browser)/./node_modules/next/dist/client/dev/hot-reloader/app/hot-reloader-app.js:196
[   24769ms] [LOG] [Fast Refresh] done in 21ms @ webpack-internal:///(app-pages-browser)/./node_modules/next/dist/client/dev/report-hmr-latency.js:13
[   24882ms] [LOG] %c%s%c [HOME PAGE] Notion 글 수: background: #e6e6e6;background: light-dark(rgba(0,0,0,0.1), rgba(255,255,255,0.25));color: #000000;color: light-dark(#000000, #ffffff);border-radius: 2px  Server   3 @ about://React/Server/webpack-internal:///(rsc)/./app/page.tsx?0:25
[   24882ms] [LOG] %c%s%c [HOME PAGE] 표시될 글 수: background: #e6e6e6;background: light-dark(rgba(0,0,0,0.1), rgba(255,255,255,0.25));color: #000000;color: light-dark(#000000, #ffffff);border-radius: 2px  Server   3 @ about://React/Server/webpack-internal:///(rsc)/./app/page.tsx?1:27
[   24882ms] [LOG] %c%s%c [HOME PAGE] 테스트 글 사용? background: #e6e6e6;background: light-dark(rgba(0,0,0,0.1), rgba(255,255,255,0.25));color: #000000;color: light-dark(#000000, #ffffff);border-radius: 2px  Server   false @ about://React/Server/webpack-internal:///(rsc)/./app/page.tsx?2:28
[   24936ms] [LOG] [Fast Refresh] rebuilding @ webpack-internal:///(app-pages-browser)/./node_modules/next/dist/client/dev/hot-reloader/app/hot-reloader-app.js:196
[   24964ms] [LOG] [Fast Refresh] done in 28ms @ webpack-internal:///(app-pages-browser)/./node_modules/next/dist/client/dev/report-hmr-latency.js:13
[   25103ms] [LOG] %c%s%c [HOME PAGE] Notion 글 수: background: #e6e6e6;background: light-dark(rgba(0,0,0,0.1), rgba(255,255,255,0.25));color: #000000;color: light-dark(#000000, #ffffff);border-radius: 2px  Server   3 @ about://React/Server/webpack-internal:///(rsc)/./app/page.tsx?0:25
[   25103ms] [LOG] %c%s%c [HOME PAGE] 표시될 글 수: background: #e6e6e6;background: light-dark(rgba(0,0,0,0.1), rgba(255,255,255,0.25));color: #000000;color: light-dark(#000000, #ffffff);border-radius: 2px  Server   3 @ about://React/Server/webpack-internal:///(rsc)/./app/page.tsx?1:27
[   25104ms] [LOG] %c%s%c [HOME PAGE] 테스트 글 사용? background: #e6e6e6;background: light-dark(rgba(0,0,0,0.1), rgba(255,255,255,0.25));color: #000000;color: light-dark(#000000, #ffffff);border-radius: 2px  Server   false @ about://React/Server/webpack-internal:///(rsc)/./app/page.tsx?2:28
[   25152ms] [LOG] [Fast Refresh] rebuilding @ webpack-internal:///(app-pages-browser)/./node_modules/next/dist/client/dev/hot-reloader/app/hot-reloader-app.js:196
[   25184ms] [LOG] [Fast Refresh] done in 33ms @ webpack-internal:///(app-pages-browser)/./node_modules/next/dist/client/dev/report-hmr-latency.js:13
[   25303ms] [LOG] %c%s%c [HOME PAGE] Notion 글 수: background: #e6e6e6;background: light-dark(rgba(0,0,0,0.1), rgba(255,255,255,0.25));color: #000000;color: light-dark(#000000, #ffffff);border-radius: 2px  Server   3 @ about://React/Server/webpack-internal:///(rsc)/./app/page.tsx?0:25
[   25303ms] [LOG] %c%s%c [HOME PAGE] 표시될 글 수: background: #e6e6e6;background: light-dark(rgba(0,0,0,0.1), rgba(255,255,255,0.25));color: #000000;color: light-dark(#000000, #ffffff);border-radius: 2px  Server   3 @ about://React/Server/webpack-internal:///(rsc)/./app/page.tsx?1:27
[   25303ms] [LOG] %c%s%c [HOME PAGE] 테스트 글 사용? background: #e6e6e6;background: light-dark(rgba(0,0,0,0.1), rgba(255,255,255,0.25));color: #000000;color: light-dark(#000000, #ffffff);border-radius: 2px  Server   false @ about://React/Server/webpack-internal:///(rsc)/./app/page.tsx?2:28
[   25348ms] [LOG] [Fast Refresh] rebuilding @ webpack-internal:///(app-pages-browser)/./node_modules/next/dist/client/dev/hot-reloader/app/hot-reloader-app.js:196
[   25371ms] [LOG] [Fast Refresh] done in 22ms @ webpack-internal:///(app-pages-browser)/./node_modules/next/dist/client/dev/report-hmr-latency.js:13
[   25484ms] [LOG] %c%s%c [HOME PAGE] Notion 글 수: background: #e6e6e6;background: light-dark(rgba(0,0,0,0.1), rgba(255,255,255,0.25));color: #000000;color: light-dark(#000000, #ffffff);border-radius: 2px  Server   3 @ about://React/Server/webpack-internal:///(rsc)/./app/page.tsx?0:25
[   25484ms] [LOG] %c%s%c [HOME PAGE] 표시될 글 수: background: #e6e6e6;background: light-dark(rgba(0,0,0,0.1), rgba(255,255,255,0.25));color: #000000;color: light-dark(#000000, #ffffff);border-radius: 2px  Server   3 @ about://React/Server/webpack-internal:///(rsc)/./app/page.tsx?1:27
[   25485ms] [LOG] %c%s%c [HOME PAGE] 테스트 글 사용? background: #e6e6e6;background: light-dark(rgba(0,0,0,0.1), rgba(255,255,255,0.25));color: #000000;color: light-dark(#000000, #ffffff);border-radius: 2px  Server   false @ about://React/Server/webpack-internal:///(rsc)/./app/page.tsx?2:28
[   25529ms] [LOG] [Fast Refresh] rebuilding @ webpack-internal:///(app-pages-browser)/./node_modules/next/dist/client/dev/hot-reloader/app/hot-reloader-app.js:196
[   25556ms] [LOG] [Fast Refresh] done in 27ms @ webpack-internal:///(app-pages-browser)/./node_modules/next/dist/client/dev/report-hmr-latency.js:13
[   25670ms] [LOG] %c%s%c [HOME PAGE] Notion 글 수: background: #e6e6e6;background: light-dark(rgba(0,0,0,0.1), rgba(255,255,255,0.25));color: #000000;color: light-dark(#000000, #ffffff);border-radius: 2px  Server   3 @ about://React/Server/webpack-internal:///(rsc)/./app/page.tsx?0:25
[   25670ms] [LOG] %c%s%c [HOME PAGE] 표시될 글 수: background: #e6e6e6;background: light-dark(rgba(0,0,0,0.1), rgba(255,255,255,0.25));color: #000000;color: light-dark(#000000, #ffffff);border-radius: 2px  Server   3 @ about://React/Server/webpack-internal:///(rsc)/./app/page.tsx?1:27
[   25671ms] [LOG] %c%s%c [HOME PAGE] 테스트 글 사용? background: #e6e6e6;background: light-dark(rgba(0,0,0,0.1), rgba(255,255,255,0.25));color: #000000;color: light-dark(#000000, #ffffff);border-radius: 2px  Server   false @ about://React/Server/webpack-internal:///(rsc)/./app/page.tsx?2:28
[   25719ms] [LOG] [Fast Refresh] rebuilding @ webpack-internal:///(app-pages-browser)/./node_modules/next/dist/client/dev/hot-reloader/app/hot-reloader-app.js:196
[   25745ms] [LOG] [Fast Refresh] done in 27ms @ webpack-internal:///(app-pages-browser)/./node_modules/next/dist/client/dev/report-hmr-latency.js:13
[   25863ms] [LOG] %c%s%c [HOME PAGE] Notion 글 수: background: #e6e6e6;background: light-dark(rgba(0,0,0,0.1), rgba(255,255,255,0.25));color: #000000;color: light-dark(#000000, #ffffff);border-radius: 2px  Server   3 @ about://React/Server/webpack-internal:///(rsc)/./app/page.tsx?0:25
[   25864ms] [LOG] %c%s%c [HOME PAGE] 표시될 글 수: background: #e6e6e6;background: light-dark(rgba(0,0,0,0.1), rgba(255,255,255,0.25));color: #000000;color: light-dark(#000000, #ffffff);border-radius: 2px  Server   3 @ about://React/Server/webpack-internal:///(rsc)/./app/page.tsx?1:27
[   25864ms] [LOG] %c%s%c [HOME PAGE] 테스트 글 사용? background: #e6e6e6;background: light-dark(rgba(0,0,0,0.1), rgba(255,255,255,0.25));color: #000000;color: light-dark(#000000, #ffffff);border-radius: 2px  Server   false @ about://React/Server/webpack-internal:///(rsc)/./app/page.tsx?2:28
[   25909ms] [LOG] [Fast Refresh] rebuilding @ webpack-internal:///(app-pages-browser)/./node_modules/next/dist/client/dev/hot-reloader/app/hot-reloader-app.js:196
[   25930ms] [LOG] [Fast Refresh] done in 21ms @ webpack-internal:///(app-pages-browser)/./node_modules/next/dist/client/dev/report-hmr-latency.js:13
[   26044ms] [LOG] %c%s%c [HOME PAGE] Notion 글 수: background: #e6e6e6;background: light-dark(rgba(0,0,0,0.1), rgba(255,255,255,0.25));color: #000000;color: light-dark(#000000, #ffffff);border-radius: 2px  Server   3 @ about://React/Server/webpack-internal:///(rsc)/./app/page.tsx?0:25
[   26044ms] [LOG] %c%s%c [HOME PAGE] 표시될 글 수: background: #e6e6e6;background: light-dark(rgba(0,0,0,0.1), rgba(255,255,255,0.25));color: #000000;color: light-dark(#000000, #ffffff);border-radius: 2px  Server   3 @ about://React/Server/webpack-internal:///(rsc)/./app/page.tsx?1:27
[   26044ms] [LOG] %c%s%c [HOME PAGE] 테스트 글 사용? background: #e6e6e6;background: light-dark(rgba(0,0,0,0.1), rgba(255,255,255,0.25));color: #000000;color: light-dark(#000000, #ffffff);border-radius: 2px  Server   false @ about://React/Server/webpack-internal:///(rsc)/./app/page.tsx?2:28
[   26088ms] [LOG] [Fast Refresh] rebuilding @ webpack-internal:///(app-pages-browser)/./node_modules/next/dist/client/dev/hot-reloader/app/hot-reloader-app.js:196
[   26110ms] [LOG] [Fast Refresh] done in 22ms @ webpack-internal:///(app-pages-browser)/./node_modules/next/dist/client/dev/report-hmr-latency.js:13
