[    1188ms] [INFO] %cDownload the React DevTools for a better development experience: https://react.dev/link/react-devtools font-weight:bold @ webpack-internal:///(app-pages-browser)/./node_modules/next/dist/compiled/react-dom/cjs/react-dom-client.development.js:25630
[    1254ms] [LOG] %c%s%c [getAllPosts] API Key 상태: background: #e6e6e6;background: light-dark(rgba(0,0,0,0.1), rgba(255,255,255,0.25));color: #000000;color: light-dark(#000000, #ffffff);border-radius: 2px  Server   true DB ID 상태: true @ about://React/Server/webpack-internal:///(rsc)/./lib/notion.ts?4:209
[    1254ms] [LOG] %c%s%c [getAllPosts] Notion 데이터베이스 조회 시작... background: #e6e6e6;background: light-dark(rgba(0,0,0,0.1), rgba(255,255,255,0.25));color: #000000;color: light-dark(#000000, #ffffff);border-radius: 2px  Server   @ about://React/Server/webpack-internal:///(rsc)/./lib/notion.ts?6:217
[    1255ms] [LOG] %c%s%c [getAllPosts] fetch를 사용하여 REST API 직접 호출... background: #e6e6e6;background: light-dark(rgba(0,0,0,0.1), rgba(255,255,255,0.25));color: #000000;color: light-dark(#000000, #ffffff);border-radius: 2px  Server   @ about://React/Server/webpack-internal:///(rsc)/./lib/notion.ts?7:218
[    1256ms] [ERROR] %c%s%c [getAllPosts] Notion API 에러: background: #e6e6e6;background: light-dark(rgba(0,0,0,0.1), rgba(255,255,255,0.25));color: #000000;color: light-dark(#000000, #ffffff);border-radius: 2px  Server   400 {object: error, status: 400, code: invalid_request_url, message: Invalid request URL., request_id: 81129a74-5108-4270-9d4e-6211da420904} @ webpack-internal:///(app-pages-browser)/./node_modules/next/dist/next-devtools/userspace/app/errors/intercept-console-error.js:56
[    1257ms] [ERROR] %c%s%c ❌ Notion API 쿼리 실패: background: #e6e6e6;background: light-dark(rgba(0,0,0,0.1), rgba(255,255,255,0.25));color: #000000;color: light-dark(#000000, #ffffff);border-radius: 2px  Server   Error: Notion API 에러: 400 - Invalid request URL.
    at getAllPostsCore (about://React/Server/webpack-internal:///(rsc)/./lib/notion.ts?9:249:23)
    at HomePage (about://React/Server/webpack-internal:///(rsc)/./app/page.tsx?5:25:23)
    at resolveErrorDev (webpack-internal:///(app-pages-browser)/./node_modules/next/dist/compiled/react-server-dom-webpack/cjs/react-server-dom-webpack-client.browser.development.js:2396:46)
    at getOutlinedModel (webpack-internal:///(app-pages-browser)/./node_modules/next/dist/compiled/react-server-dom-webpack/cjs/react-server-dom-webpack-client.browser.development.js:1747:22)
    at parseModelString (webpack-internal:///(app-pages-browser)/./node_modules/next/dist/compiled/react-server-dom-webpack/cjs/react-server-dom-webpack-client.browser.development.js:1949:15)
    at Object.eval (webpack-internal:///(app-pages-browser)/./node_modules/next/dist/compiled/react-server-dom-webpack/cjs/react-server-dom-webpack-client.browser.development.js:3056:20)
    at JSON.parse (<anonymous>)
    at initializeModelChunk (webpack-internal:///(app-pages-browser)/./node_modules/next/dist/compiled/react-server-dom-webpack/cjs/react-server-dom-webpack-client.browser.development.js:1273:26)
    at getOutlinedModel (webpack-internal:///(app-pages-browser)/./node_modules/next/dist/compiled/react-server-dom-webpack/cjs/react-server-dom-webpack-client.browser.development.js:1682:11)
    at parseModelString (webpack-internal:///(app-pages-browser)/./node_modules/next/dist/compiled/react-server-dom-webpack/cjs/react-server-dom-webpack-client.browser.development.js:2043:15)
    at Array.eval (webpack-internal:///(app-pages-browser)/./node_modules/next/dist/compiled/react-server-dom-webpack/cjs/react-server-dom-webpack-client.browser.development.js:3056:20)
    at JSON.parse (<anonymous>)
    at initializeModelChunk (webpack-internal:///(app-pages-browser)/./node_modules/next/dist/compiled/react-server-dom-webpack/cjs/react-server-dom-webpack-client.browser.development.js:1273:26)
    at resolveConsoleEntry (webpack-internal:///(app-pages-browser)/./node_modules/next/dist/compiled/react-server-dom-webpack/cjs/react-server-dom-webpack-client.browser.development.js:2683:13)
    at processFullStringRow (webpack-internal:///(app-pages-browser)/./node_modules/next/dist/compiled/react-server-dom-webpack/cjs/react-server-dom-webpack-client.browser.development.js:2923:11)
    at processFullBinaryRow (webpack-internal:///(app-pages-browser)/./node_modules/next/dist/compiled/react-server-dom-webpack/cjs/react-server-dom-webpack-client.browser.development.js:2825:7)
    at processBinaryChunk (webpack-internal:///(app-pages-browser)/./node_modules/next/dist/compiled/react-server-dom-webpack/cjs/react-server-dom-webpack-client.browser.development.js:3028:15)
    at progress (webpack-internal:///(app-pages-browser)/./node_modules/next/dist/compiled/react-server-dom-webpack/cjs/react-server-dom-webpack-client.browser.development.js:3294:13) @ webpack-internal:///(app-pages-browser)/./node_modules/next/dist/next-devtools/userspace/app/errors/intercept-console-error.js:56
[    1257ms] [ERROR] %c%s%c 에러 메시지: background: #e6e6e6;background: light-dark(rgba(0,0,0,0.1), rgba(255,255,255,0.25));color: #000000;color: light-dark(#000000, #ffffff);border-radius: 2px  Server   Notion API 에러: 400 - Invalid request URL. @ webpack-internal:///(app-pages-browser)/./node_modules/next/dist/next-devtools/userspace/app/errors/intercept-console-error.js:56
[    1258ms] [ERROR] %c%s%c 에러 스택: background: #e6e6e6;background: light-dark(rgba(0,0,0,0.1), rgba(255,255,255,0.25));color: #000000;color: light-dark(#000000, #ffffff);border-radius: 2px  Server   Error: Notion API 에러: 400 - Invalid request URL.
    at getAllPostsCore (webpack-internal:///(rsc)/./lib/notion.ts:249:23)
    at process.processTicksAndRejections (node:internal/process/task_queues:104:5)
    at async cachedCb (webpack-internal:///(rsc)/./node_modules/next/dist/server/web/spec-extension/unstable-cache.js:203:32)
    at async HomePage (webpack-internal:///(rsc)/./app/page.tsx:25:23) @ webpack-internal:///(app-pages-browser)/./node_modules/next/dist/next-devtools/userspace/app/errors/intercept-console-error.js:56
[    1258ms] [LOG] %c%s%c [HOME PAGE] Notion 글 수: background: #e6e6e6;background: light-dark(rgba(0,0,0,0.1), rgba(255,255,255,0.25));color: #000000;color: light-dark(#000000, #ffffff);border-radius: 2px  Server   0 @ about://React/Server/webpack-internal:///(rsc)/./app/page.tsx?13:25
[    1258ms] [LOG] %c%s%c [HOME PAGE] 표시될 글 수: background: #e6e6e6;background: light-dark(rgba(0,0,0,0.1), rgba(255,255,255,0.25));color: #000000;color: light-dark(#000000, #ffffff);border-radius: 2px  Server   10 @ about://React/Server/webpack-internal:///(rsc)/./app/page.tsx?14:27
[    1258ms] [LOG] %c%s%c [HOME PAGE] 테스트 글 사용? background: #e6e6e6;background: light-dark(rgba(0,0,0,0.1), rgba(255,255,255,0.25));color: #000000;color: light-dark(#000000, #ffffff);border-radius: 2px  Server   true @ about://React/Server/webpack-internal:///(rsc)/./app/page.tsx?15:28
[    1658ms] [LOG] %c%s%c [HOME PAGE] Notion 글 수: background: #e6e6e6;background: light-dark(rgba(0,0,0,0.1), rgba(255,255,255,0.25));color: #000000;color: light-dark(#000000, #ffffff);border-radius: 2px  Server   0 @ about://React/Server/webpack-internal:///(rsc)/./app/page.tsx?13:25
[    1658ms] [LOG] %c%s%c [HOME PAGE] 표시될 글 수: background: #e6e6e6;background: light-dark(rgba(0,0,0,0.1), rgba(255,255,255,0.25));color: #000000;color: light-dark(#000000, #ffffff);border-radius: 2px  Server   10 @ about://React/Server/webpack-internal:///(rsc)/./app/page.tsx?14:27
[    1658ms] [LOG] %c%s%c [HOME PAGE] 테스트 글 사용? background: #e6e6e6;background: light-dark(rgba(0,0,0,0.1), rgba(255,255,255,0.25));color: #000000;color: light-dark(#000000, #ffffff);border-radius: 2px  Server   true @ about://React/Server/webpack-internal:///(rsc)/./app/page.tsx?15:28
[    1672ms] [LOG] [Fast Refresh] rebuilding @ webpack-internal:///(app-pages-browser)/./node_modules/next/dist/client/dev/hot-reloader/app/hot-reloader-app.js:196
[    1796ms] [LOG] [Fast Refresh] done in 124ms @ webpack-internal:///(app-pages-browser)/./node_modules/next/dist/client/dev/report-hmr-latency.js:13
[    1848ms] [LOG] [Fast Refresh] rebuilding @ webpack-internal:///(app-pages-browser)/./node_modules/next/dist/client/dev/hot-reloader/app/hot-reloader-app.js:196
[    1878ms] [LOG] [Fast Refresh] done in 30ms @ webpack-internal:///(app-pages-browser)/./node_modules/next/dist/client/dev/report-hmr-latency.js:13
[    1985ms] [LOG] %c%s%c [HOME PAGE] Notion 글 수: background: #e6e6e6;background: light-dark(rgba(0,0,0,0.1), rgba(255,255,255,0.25));color: #000000;color: light-dark(#000000, #ffffff);border-radius: 2px  Server   0 @ about://React/Server/webpack-internal:///(rsc)/./app/page.tsx?13:25
[    1985ms] [LOG] %c%s%c [HOME PAGE] 표시될 글 수: background: #e6e6e6;background: light-dark(rgba(0,0,0,0.1), rgba(255,255,255,0.25));color: #000000;color: light-dark(#000000, #ffffff);border-radius: 2px  Server   10 @ about://React/Server/webpack-internal:///(rsc)/./app/page.tsx?14:27
[    1985ms] [LOG] %c%s%c [HOME PAGE] 테스트 글 사용? background: #e6e6e6;background: light-dark(rgba(0,0,0,0.1), rgba(255,255,255,0.25));color: #000000;color: light-dark(#000000, #ffffff);border-radius: 2px  Server   true @ about://React/Server/webpack-internal:///(rsc)/./app/page.tsx?15:28
[    2061ms] [LOG] [Fast Refresh] rebuilding @ webpack-internal:///(app-pages-browser)/./node_modules/next/dist/client/dev/hot-reloader/app/hot-reloader-app.js:196
[    2090ms] [LOG] [Fast Refresh] done in 28ms @ webpack-internal:///(app-pages-browser)/./node_modules/next/dist/client/dev/report-hmr-latency.js:13
[    2199ms] [LOG] %c%s%c [HOME PAGE] Notion 글 수: background: #e6e6e6;background: light-dark(rgba(0,0,0,0.1), rgba(255,255,255,0.25));color: #000000;color: light-dark(#000000, #ffffff);border-radius: 2px  Server   0 @ about://React/Server/webpack-internal:///(rsc)/./app/page.tsx?13:25
[    2200ms] [LOG] %c%s%c [HOME PAGE] 표시될 글 수: background: #e6e6e6;background: light-dark(rgba(0,0,0,0.1), rgba(255,255,255,0.25));color: #000000;color: light-dark(#000000, #ffffff);border-radius: 2px  Server   10 @ about://React/Server/webpack-internal:///(rsc)/./app/page.tsx?14:27
[    2200ms] [LOG] %c%s%c [HOME PAGE] 테스트 글 사용? background: #e6e6e6;background: light-dark(rgba(0,0,0,0.1), rgba(255,255,255,0.25));color: #000000;color: light-dark(#000000, #ffffff);border-radius: 2px  Server   true @ about://React/Server/webpack-internal:///(rsc)/./app/page.tsx?15:28
[    2263ms] [LOG] [Fast Refresh] rebuilding @ webpack-internal:///(app-pages-browser)/./node_modules/next/dist/client/dev/hot-reloader/app/hot-reloader-app.js:196
[    2290ms] [LOG] [Fast Refresh] done in 26ms @ webpack-internal:///(app-pages-browser)/./node_modules/next/dist/client/dev/report-hmr-latency.js:13
[    2394ms] [LOG] %c%s%c [HOME PAGE] Notion 글 수: background: #e6e6e6;background: light-dark(rgba(0,0,0,0.1), rgba(255,255,255,0.25));color: #000000;color: light-dark(#000000, #ffffff);border-radius: 2px  Server   0 @ about://React/Server/webpack-internal:///(rsc)/./app/page.tsx?13:25
[    2395ms] [LOG] %c%s%c [HOME PAGE] 표시될 글 수: background: #e6e6e6;background: light-dark(rgba(0,0,0,0.1), rgba(255,255,255,0.25));color: #000000;color: light-dark(#000000, #ffffff);border-radius: 2px  Server   10 @ about://React/Server/webpack-internal:///(rsc)/./app/page.tsx?14:27
[    2395ms] [LOG] %c%s%c [HOME PAGE] 테스트 글 사용? background: #e6e6e6;background: light-dark(rgba(0,0,0,0.1), rgba(255,255,255,0.25));color: #000000;color: light-dark(#000000, #ffffff);border-radius: 2px  Server   true @ about://React/Server/webpack-internal:///(rsc)/./app/page.tsx?15:28
[    2469ms] [LOG] [Fast Refresh] rebuilding @ webpack-internal:///(app-pages-browser)/./node_modules/next/dist/client/dev/hot-reloader/app/hot-reloader-app.js:196
[    2498ms] [LOG] [Fast Refresh] done in 30ms @ webpack-internal:///(app-pages-browser)/./node_modules/next/dist/client/dev/report-hmr-latency.js:13
[    2599ms] [LOG] %c%s%c [HOME PAGE] Notion 글 수: background: #e6e6e6;background: light-dark(rgba(0,0,0,0.1), rgba(255,255,255,0.25));color: #000000;color: light-dark(#000000, #ffffff);border-radius: 2px  Server   0 @ about://React/Server/webpack-internal:///(rsc)/./app/page.tsx?13:25
[    2599ms] [LOG] %c%s%c [HOME PAGE] 표시될 글 수: background: #e6e6e6;background: light-dark(rgba(0,0,0,0.1), rgba(255,255,255,0.25));color: #000000;color: light-dark(#000000, #ffffff);border-radius: 2px  Server   10 @ about://React/Server/webpack-internal:///(rsc)/./app/page.tsx?14:27
[    2599ms] [LOG] %c%s%c [HOME PAGE] 테스트 글 사용? background: #e6e6e6;background: light-dark(rgba(0,0,0,0.1), rgba(255,255,255,0.25));color: #000000;color: light-dark(#000000, #ffffff);border-radius: 2px  Server   true @ about://React/Server/webpack-internal:///(rsc)/./app/page.tsx?15:28
[    2675ms] [LOG] [Fast Refresh] rebuilding @ webpack-internal:///(app-pages-browser)/./node_modules/next/dist/client/dev/hot-reloader/app/hot-reloader-app.js:196
[    2699ms] [LOG] [Fast Refresh] done in 23ms @ webpack-internal:///(app-pages-browser)/./node_modules/next/dist/client/dev/report-hmr-latency.js:13
[    2816ms] [LOG] %c%s%c [HOME PAGE] Notion 글 수: background: #e6e6e6;background: light-dark(rgba(0,0,0,0.1), rgba(255,255,255,0.25));color: #000000;color: light-dark(#000000, #ffffff);border-radius: 2px  Server   0 @ about://React/Server/webpack-internal:///(rsc)/./app/page.tsx?13:25
[    2817ms] [LOG] %c%s%c [HOME PAGE] 표시될 글 수: background: #e6e6e6;background: light-dark(rgba(0,0,0,0.1), rgba(255,255,255,0.25));color: #000000;color: light-dark(#000000, #ffffff);border-radius: 2px  Server   10 @ about://React/Server/webpack-internal:///(rsc)/./app/page.tsx?14:27
[    2817ms] [LOG] %c%s%c [HOME PAGE] 테스트 글 사용? background: #e6e6e6;background: light-dark(rgba(0,0,0,0.1), rgba(255,255,255,0.25));color: #000000;color: light-dark(#000000, #ffffff);border-radius: 2px  Server   true @ about://React/Server/webpack-internal:///(rsc)/./app/page.tsx?15:28
[    2883ms] [LOG] [Fast Refresh] rebuilding @ webpack-internal:///(app-pages-browser)/./node_modules/next/dist/client/dev/hot-reloader/app/hot-reloader-app.js:196
[    2903ms] [LOG] [Fast Refresh] done in 19ms @ webpack-internal:///(app-pages-browser)/./node_modules/next/dist/client/dev/report-hmr-latency.js:13
[    3060ms] [LOG] %c%s%c [HOME PAGE] Notion 글 수: background: #e6e6e6;background: light-dark(rgba(0,0,0,0.1), rgba(255,255,255,0.25));color: #000000;color: light-dark(#000000, #ffffff);border-radius: 2px  Server   0 @ about://React/Server/webpack-internal:///(rsc)/./app/page.tsx?13:25
[    3061ms] [LOG] %c%s%c [HOME PAGE] 표시될 글 수: background: #e6e6e6;background: light-dark(rgba(0,0,0,0.1), rgba(255,255,255,0.25));color: #000000;color: light-dark(#000000, #ffffff);border-radius: 2px  Server   10 @ about://React/Server/webpack-internal:///(rsc)/./app/page.tsx?14:27
[    3061ms] [LOG] %c%s%c [HOME PAGE] 테스트 글 사용? background: #e6e6e6;background: light-dark(rgba(0,0,0,0.1), rgba(255,255,255,0.25));color: #000000;color: light-dark(#000000, #ffffff);border-radius: 2px  Server   true @ about://React/Server/webpack-internal:///(rsc)/./app/page.tsx?15:28
[    3138ms] [LOG] [Fast Refresh] rebuilding @ webpack-internal:///(app-pages-browser)/./node_modules/next/dist/client/dev/hot-reloader/app/hot-reloader-app.js:196
[    3170ms] [LOG] [Fast Refresh] done in 33ms @ webpack-internal:///(app-pages-browser)/./node_modules/next/dist/client/dev/report-hmr-latency.js:13
[    3309ms] [LOG] %c%s%c [HOME PAGE] Notion 글 수: background: #e6e6e6;background: light-dark(rgba(0,0,0,0.1), rgba(255,255,255,0.25));color: #000000;color: light-dark(#000000, #ffffff);border-radius: 2px  Server   0 @ about://React/Server/webpack-internal:///(rsc)/./app/page.tsx?13:25
[    3309ms] [LOG] %c%s%c [HOME PAGE] 표시될 글 수: background: #e6e6e6;background: light-dark(rgba(0,0,0,0.1), rgba(255,255,255,0.25));color: #000000;color: light-dark(#000000, #ffffff);border-radius: 2px  Server   10 @ about://React/Server/webpack-internal:///(rsc)/./app/page.tsx?14:27
[    3309ms] [LOG] %c%s%c [HOME PAGE] 테스트 글 사용? background: #e6e6e6;background: light-dark(rgba(0,0,0,0.1), rgba(255,255,255,0.25));color: #000000;color: light-dark(#000000, #ffffff);border-radius: 2px  Server   true @ about://React/Server/webpack-internal:///(rsc)/./app/page.tsx?15:28
[    3369ms] [LOG] [Fast Refresh] rebuilding @ webpack-internal:///(app-pages-browser)/./node_modules/next/dist/client/dev/hot-reloader/app/hot-reloader-app.js:196
[    3399ms] [LOG] [Fast Refresh] done in 30ms @ webpack-internal:///(app-pages-browser)/./node_modules/next/dist/client/dev/report-hmr-latency.js:13
[    3533ms] [LOG] %c%s%c [HOME PAGE] Notion 글 수: background: #e6e6e6;background: light-dark(rgba(0,0,0,0.1), rgba(255,255,255,0.25));color: #000000;color: light-dark(#000000, #ffffff);border-radius: 2px  Server   0 @ about://React/Server/webpack-internal:///(rsc)/./app/page.tsx?13:25
[    3533ms] [LOG] %c%s%c [HOME PAGE] 표시될 글 수: background: #e6e6e6;background: light-dark(rgba(0,0,0,0.1), rgba(255,255,255,0.25));color: #000000;color: light-dark(#000000, #ffffff);border-radius: 2px  Server   10 @ about://React/Server/webpack-internal:///(rsc)/./app/page.tsx?14:27
[    3533ms] [LOG] %c%s%c [HOME PAGE] 테스트 글 사용? background: #e6e6e6;background: light-dark(rgba(0,0,0,0.1), rgba(255,255,255,0.25));color: #000000;color: light-dark(#000000, #ffffff);border-radius: 2px  Server   true @ about://React/Server/webpack-internal:///(rsc)/./app/page.tsx?15:28
[    3655ms] [LOG] [Fast Refresh] rebuilding @ webpack-internal:///(app-pages-browser)/./node_modules/next/dist/client/dev/hot-reloader/app/hot-reloader-app.js:196
[    3707ms] [LOG] [Fast Refresh] done in 52ms @ webpack-internal:///(app-pages-browser)/./node_modules/next/dist/client/dev/report-hmr-latency.js:13
[    3891ms] [LOG] %c%s%c [HOME PAGE] Notion 글 수: background: #e6e6e6;background: light-dark(rgba(0,0,0,0.1), rgba(255,255,255,0.25));color: #000000;color: light-dark(#000000, #ffffff);border-radius: 2px  Server   0 @ about://React/Server/webpack-internal:///(rsc)/./app/page.tsx?13:25
[    3891ms] [LOG] %c%s%c [HOME PAGE] 표시될 글 수: background: #e6e6e6;background: light-dark(rgba(0,0,0,0.1), rgba(255,255,255,0.25));color: #000000;color: light-dark(#000000, #ffffff);border-radius: 2px  Server   10 @ about://React/Server/webpack-internal:///(rsc)/./app/page.tsx?14:27
[    3891ms] [LOG] %c%s%c [HOME PAGE] 테스트 글 사용? background: #e6e6e6;background: light-dark(rgba(0,0,0,0.1), rgba(255,255,255,0.25));color: #000000;color: light-dark(#000000, #ffffff);border-radius: 2px  Server   true @ about://React/Server/webpack-internal:///(rsc)/./app/page.tsx?15:28
[    3991ms] [LOG] [Fast Refresh] rebuilding @ webpack-internal:///(app-pages-browser)/./node_modules/next/dist/client/dev/hot-reloader/app/hot-reloader-app.js:196
[    4035ms] [LOG] [Fast Refresh] done in 45ms @ webpack-internal:///(app-pages-browser)/./node_modules/next/dist/client/dev/report-hmr-latency.js:13
[    4165ms] [LOG] %c%s%c [HOME PAGE] Notion 글 수: background: #e6e6e6;background: light-dark(rgba(0,0,0,0.1), rgba(255,255,255,0.25));color: #000000;color: light-dark(#000000, #ffffff);border-radius: 2px  Server   0 @ about://React/Server/webpack-internal:///(rsc)/./app/page.tsx?13:25
[    4166ms] [LOG] %c%s%c [HOME PAGE] 표시될 글 수: background: #e6e6e6;background: light-dark(rgba(0,0,0,0.1), rgba(255,255,255,0.25));color: #000000;color: light-dark(#000000, #ffffff);border-radius: 2px  Server   10 @ about://React/Server/webpack-internal:///(rsc)/./app/page.tsx?14:27
[    4166ms] [LOG] %c%s%c [HOME PAGE] 테스트 글 사용? background: #e6e6e6;background: light-dark(rgba(0,0,0,0.1), rgba(255,255,255,0.25));color: #000000;color: light-dark(#000000, #ffffff);border-radius: 2px  Server   true @ about://React/Server/webpack-internal:///(rsc)/./app/page.tsx?15:28
[    4252ms] [LOG] [Fast Refresh] rebuilding @ webpack-internal:///(app-pages-browser)/./node_modules/next/dist/client/dev/hot-reloader/app/hot-reloader-app.js:196
[    4291ms] [LOG] [Fast Refresh] done in 40ms @ webpack-internal:///(app-pages-browser)/./node_modules/next/dist/client/dev/report-hmr-latency.js:13
[    4503ms] [LOG] %c%s%c [HOME PAGE] Notion 글 수: background: #e6e6e6;background: light-dark(rgba(0,0,0,0.1), rgba(255,255,255,0.25));color: #000000;color: light-dark(#000000, #ffffff);border-radius: 2px  Server   0 @ about://React/Server/webpack-internal:///(rsc)/./app/page.tsx?13:25
[    4503ms] [LOG] %c%s%c [HOME PAGE] 표시될 글 수: background: #e6e6e6;background: light-dark(rgba(0,0,0,0.1), rgba(255,255,255,0.25));color: #000000;color: light-dark(#000000, #ffffff);border-radius: 2px  Server   10 @ about://React/Server/webpack-internal:///(rsc)/./app/page.tsx?14:27
[    4503ms] [LOG] %c%s%c [HOME PAGE] 테스트 글 사용? background: #e6e6e6;background: light-dark(rgba(0,0,0,0.1), rgba(255,255,255,0.25));color: #000000;color: light-dark(#000000, #ffffff);border-radius: 2px  Server   true @ about://React/Server/webpack-internal:///(rsc)/./app/page.tsx?15:28
[    4582ms] [LOG] [Fast Refresh] rebuilding @ webpack-internal:///(app-pages-browser)/./node_modules/next/dist/client/dev/hot-reloader/app/hot-reloader-app.js:196
[    4616ms] [LOG] [Fast Refresh] done in 33ms @ webpack-internal:///(app-pages-browser)/./node_modules/next/dist/client/dev/report-hmr-latency.js:13
[    4756ms] [LOG] %c%s%c [HOME PAGE] Notion 글 수: background: #e6e6e6;background: light-dark(rgba(0,0,0,0.1), rgba(255,255,255,0.25));color: #000000;color: light-dark(#000000, #ffffff);border-radius: 2px  Server   0 @ about://React/Server/webpack-internal:///(rsc)/./app/page.tsx?13:25
[    4756ms] [LOG] %c%s%c [HOME PAGE] 표시될 글 수: background: #e6e6e6;background: light-dark(rgba(0,0,0,0.1), rgba(255,255,255,0.25));color: #000000;color: light-dark(#000000, #ffffff);border-radius: 2px  Server   10 @ about://React/Server/webpack-internal:///(rsc)/./app/page.tsx?14:27
[    4756ms] [LOG] %c%s%c [HOME PAGE] 테스트 글 사용? background: #e6e6e6;background: light-dark(rgba(0,0,0,0.1), rgba(255,255,255,0.25));color: #000000;color: light-dark(#000000, #ffffff);border-radius: 2px  Server   true @ about://React/Server/webpack-internal:///(rsc)/./app/page.tsx?15:28
[    4818ms] [LOG] [Fast Refresh] rebuilding @ webpack-internal:///(app-pages-browser)/./node_modules/next/dist/client/dev/hot-reloader/app/hot-reloader-app.js:196
[    4867ms] [LOG] [Fast Refresh] done in 50ms @ webpack-internal:///(app-pages-browser)/./node_modules/next/dist/client/dev/report-hmr-latency.js:13
[    5009ms] [LOG] %c%s%c [HOME PAGE] Notion 글 수: background: #e6e6e6;background: light-dark(rgba(0,0,0,0.1), rgba(255,255,255,0.25));color: #000000;color: light-dark(#000000, #ffffff);border-radius: 2px  Server   0 @ about://React/Server/webpack-internal:///(rsc)/./app/page.tsx?13:25
[    5009ms] [LOG] %c%s%c [HOME PAGE] 표시될 글 수: background: #e6e6e6;background: light-dark(rgba(0,0,0,0.1), rgba(255,255,255,0.25));color: #000000;color: light-dark(#000000, #ffffff);border-radius: 2px  Server   10 @ about://React/Server/webpack-internal:///(rsc)/./app/page.tsx?14:27
[    5009ms] [LOG] %c%s%c [HOME PAGE] 테스트 글 사용? background: #e6e6e6;background: light-dark(rgba(0,0,0,0.1), rgba(255,255,255,0.25));color: #000000;color: light-dark(#000000, #ffffff);border-radius: 2px  Server   true @ about://React/Server/webpack-internal:///(rsc)/./app/page.tsx?15:28
[    5075ms] [LOG] [Fast Refresh] rebuilding @ webpack-internal:///(app-pages-browser)/./node_modules/next/dist/client/dev/hot-reloader/app/hot-reloader-app.js:196
[    5104ms] [LOG] [Fast Refresh] done in 30ms @ webpack-internal:///(app-pages-browser)/./node_modules/next/dist/client/dev/report-hmr-latency.js:13
[    5245ms] [LOG] %c%s%c [HOME PAGE] Notion 글 수: background: #e6e6e6;background: light-dark(rgba(0,0,0,0.1), rgba(255,255,255,0.25));color: #000000;color: light-dark(#000000, #ffffff);border-radius: 2px  Server   0 @ about://React/Server/webpack-internal:///(rsc)/./app/page.tsx?13:25
[    5245ms] [LOG] %c%s%c [HOME PAGE] 표시될 글 수: background: #e6e6e6;background: light-dark(rgba(0,0,0,0.1), rgba(255,255,255,0.25));color: #000000;color: light-dark(#000000, #ffffff);border-radius: 2px  Server   10 @ about://React/Server/webpack-internal:///(rsc)/./app/page.tsx?14:27
[    5245ms] [LOG] %c%s%c [HOME PAGE] 테스트 글 사용? background: #e6e6e6;background: light-dark(rgba(0,0,0,0.1), rgba(255,255,255,0.25));color: #000000;color: light-dark(#000000, #ffffff);border-radius: 2px  Server   true @ about://React/Server/webpack-internal:///(rsc)/./app/page.tsx?15:28
[    5300ms] [LOG] [Fast Refresh] rebuilding @ webpack-internal:///(app-pages-browser)/./node_modules/next/dist/client/dev/hot-reloader/app/hot-reloader-app.js:196
[    5342ms] [LOG] [Fast Refresh] done in 41ms @ webpack-internal:///(app-pages-browser)/./node_modules/next/dist/client/dev/report-hmr-latency.js:13
[    5421ms] [LOG] %c%s%c [HOME PAGE] Notion 글 수: background: #e6e6e6;background: light-dark(rgba(0,0,0,0.1), rgba(255,255,255,0.25));color: #000000;color: light-dark(#000000, #ffffff);border-radius: 2px  Server   0 @ about://React/Server/webpack-internal:///(rsc)/./app/page.tsx?13:25
[    5421ms] [LOG] %c%s%c [HOME PAGE] 표시될 글 수: background: #e6e6e6;background: light-dark(rgba(0,0,0,0.1), rgba(255,255,255,0.25));color: #000000;color: light-dark(#000000, #ffffff);border-radius: 2px  Server   10 @ about://React/Server/webpack-internal:///(rsc)/./app/page.tsx?14:27
[    5421ms] [LOG] %c%s%c [HOME PAGE] 테스트 글 사용? background: #e6e6e6;background: light-dark(rgba(0,0,0,0.1), rgba(255,255,255,0.25));color: #000000;color: light-dark(#000000, #ffffff);border-radius: 2px  Server   true @ about://React/Server/webpack-internal:///(rsc)/./app/page.tsx?15:28
[    5490ms] [LOG] [Fast Refresh] rebuilding @ webpack-internal:///(app-pages-browser)/./node_modules/next/dist/client/dev/hot-reloader/app/hot-reloader-app.js:196
[    5518ms] [LOG] [Fast Refresh] done in 28ms @ webpack-internal:///(app-pages-browser)/./node_modules/next/dist/client/dev/report-hmr-latency.js:13
[    5639ms] [LOG] %c%s%c [HOME PAGE] Notion 글 수: background: #e6e6e6;background: light-dark(rgba(0,0,0,0.1), rgba(255,255,255,0.25));color: #000000;color: light-dark(#000000, #ffffff);border-radius: 2px  Server   0 @ about://React/Server/webpack-internal:///(rsc)/./app/page.tsx?13:25
[    5639ms] [LOG] %c%s%c [HOME PAGE] 표시될 글 수: background: #e6e6e6;background: light-dark(rgba(0,0,0,0.1), rgba(255,255,255,0.25));color: #000000;color: light-dark(#000000, #ffffff);border-radius: 2px  Server   10 @ about://React/Server/webpack-internal:///(rsc)/./app/page.tsx?14:27
[    5639ms] [LOG] %c%s%c [HOME PAGE] 테스트 글 사용? background: #e6e6e6;background: light-dark(rgba(0,0,0,0.1), rgba(255,255,255,0.25));color: #000000;color: light-dark(#000000, #ffffff);border-radius: 2px  Server   true @ about://React/Server/webpack-internal:///(rsc)/./app/page.tsx?15:28
[    5689ms] [LOG] [Fast Refresh] rebuilding @ webpack-internal:///(app-pages-browser)/./node_modules/next/dist/client/dev/hot-reloader/app/hot-reloader-app.js:196
[    5715ms] [LOG] [Fast Refresh] done in 27ms @ webpack-internal:///(app-pages-browser)/./node_modules/next/dist/client/dev/report-hmr-latency.js:13
[    5851ms] [LOG] %c%s%c [HOME PAGE] Notion 글 수: background: #e6e6e6;background: light-dark(rgba(0,0,0,0.1), rgba(255,255,255,0.25));color: #000000;color: light-dark(#000000, #ffffff);border-radius: 2px  Server   0 @ about://React/Server/webpack-internal:///(rsc)/./app/page.tsx?13:25
[    5851ms] [LOG] %c%s%c [HOME PAGE] 표시될 글 수: background: #e6e6e6;background: light-dark(rgba(0,0,0,0.1), rgba(255,255,255,0.25));color: #000000;color: light-dark(#000000, #ffffff);border-radius: 2px  Server   10 @ about://React/Server/webpack-internal:///(rsc)/./app/page.tsx?14:27
[    5851ms] [LOG] %c%s%c [HOME PAGE] 테스트 글 사용? background: #e6e6e6;background: light-dark(rgba(0,0,0,0.1), rgba(255,255,255,0.25));color: #000000;color: light-dark(#000000, #ffffff);border-radius: 2px  Server   true @ about://React/Server/webpack-internal:///(rsc)/./app/page.tsx?15:28
[    5906ms] [LOG] [Fast Refresh] rebuilding @ webpack-internal:///(app-pages-browser)/./node_modules/next/dist/client/dev/hot-reloader/app/hot-reloader-app.js:196
[    5928ms] [LOG] [Fast Refresh] done in 21ms @ webpack-internal:///(app-pages-browser)/./node_modules/next/dist/client/dev/report-hmr-latency.js:13
[    6078ms] [LOG] %c%s%c [HOME PAGE] Notion 글 수: background: #e6e6e6;background: light-dark(rgba(0,0,0,0.1), rgba(255,255,255,0.25));color: #000000;color: light-dark(#000000, #ffffff);border-radius: 2px  Server   0 @ about://React/Server/webpack-internal:///(rsc)/./app/page.tsx?13:25
[    6079ms] [LOG] %c%s%c [HOME PAGE] 표시될 글 수: background: #e6e6e6;background: light-dark(rgba(0,0,0,0.1), rgba(255,255,255,0.25));color: #000000;color: light-dark(#000000, #ffffff);border-radius: 2px  Server   10 @ about://React/Server/webpack-internal:///(rsc)/./app/page.tsx?14:27
[    6079ms] [LOG] %c%s%c [HOME PAGE] 테스트 글 사용? background: #e6e6e6;background: light-dark(rgba(0,0,0,0.1), rgba(255,255,255,0.25));color: #000000;color: light-dark(#000000, #ffffff);border-radius: 2px  Server   true @ about://React/Server/webpack-internal:///(rsc)/./app/page.tsx?15:28
[    6087ms] [LOG] [Fast Refresh] rebuilding @ webpack-internal:///(app-pages-browser)/./node_modules/next/dist/client/dev/hot-reloader/app/hot-reloader-app.js:196
[    6106ms] [LOG] [Fast Refresh] done in 20ms @ webpack-internal:///(app-pages-browser)/./node_modules/next/dist/client/dev/report-hmr-latency.js:13
[    6269ms] [LOG] %c%s%c [HOME PAGE] Notion 글 수: background: #e6e6e6;background: light-dark(rgba(0,0,0,0.1), rgba(255,255,255,0.25));color: #000000;color: light-dark(#000000, #ffffff);border-radius: 2px  Server   0 @ about://React/Server/webpack-internal:///(rsc)/./app/page.tsx?13:25
[    6269ms] [LOG] %c%s%c [HOME PAGE] 표시될 글 수: background: #e6e6e6;background: light-dark(rgba(0,0,0,0.1), rgba(255,255,255,0.25));color: #000000;color: light-dark(#000000, #ffffff);border-radius: 2px  Server   10 @ about://React/Server/webpack-internal:///(rsc)/./app/page.tsx?14:27
[    6269ms] [LOG] %c%s%c [HOME PAGE] 테스트 글 사용? background: #e6e6e6;background: light-dark(rgba(0,0,0,0.1), rgba(255,255,255,0.25));color: #000000;color: light-dark(#000000, #ffffff);border-radius: 2px  Server   true @ about://React/Server/webpack-internal:///(rsc)/./app/page.tsx?15:28
[    6336ms] [LOG] [Fast Refresh] rebuilding @ webpack-internal:///(app-pages-browser)/./node_modules/next/dist/client/dev/hot-reloader/app/hot-reloader-app.js:196
[    6364ms] [LOG] [Fast Refresh] done in 28ms @ webpack-internal:///(app-pages-browser)/./node_modules/next/dist/client/dev/report-hmr-latency.js:13
[    6523ms] [LOG] %c%s%c [HOME PAGE] Notion 글 수: background: #e6e6e6;background: light-dark(rgba(0,0,0,0.1), rgba(255,255,255,0.25));color: #000000;color: light-dark(#000000, #ffffff);border-radius: 2px  Server   0 @ about://React/Server/webpack-internal:///(rsc)/./app/page.tsx?13:25
[    6523ms] [LOG] %c%s%c [HOME PAGE] 표시될 글 수: background: #e6e6e6;background: light-dark(rgba(0,0,0,0.1), rgba(255,255,255,0.25));color: #000000;color: light-dark(#000000, #ffffff);border-radius: 2px  Server   10 @ about://React/Server/webpack-internal:///(rsc)/./app/page.tsx?14:27
[    6524ms] [LOG] %c%s%c [HOME PAGE] 테스트 글 사용? background: #e6e6e6;background: light-dark(rgba(0,0,0,0.1), rgba(255,255,255,0.25));color: #000000;color: light-dark(#000000, #ffffff);border-radius: 2px  Server   true @ about://React/Server/webpack-internal:///(rsc)/./app/page.tsx?15:28
[    6604ms] [LOG] [Fast Refresh] rebuilding @ webpack-internal:///(app-pages-browser)/./node_modules/next/dist/client/dev/hot-reloader/app/hot-reloader-app.js:196
[    6642ms] [LOG] [Fast Refresh] done in 39ms @ webpack-internal:///(app-pages-browser)/./node_modules/next/dist/client/dev/report-hmr-latency.js:13
[    6772ms] [LOG] %c%s%c [HOME PAGE] Notion 글 수: background: #e6e6e6;background: light-dark(rgba(0,0,0,0.1), rgba(255,255,255,0.25));color: #000000;color: light-dark(#000000, #ffffff);border-radius: 2px  Server   0 @ about://React/Server/webpack-internal:///(rsc)/./app/page.tsx?13:25
[    6772ms] [LOG] %c%s%c [HOME PAGE] 표시될 글 수: background: #e6e6e6;background: light-dark(rgba(0,0,0,0.1), rgba(255,255,255,0.25));color: #000000;color: light-dark(#000000, #ffffff);border-radius: 2px  Server   10 @ about://React/Server/webpack-internal:///(rsc)/./app/page.tsx?14:27
[    6773ms] [LOG] %c%s%c [HOME PAGE] 테스트 글 사용? background: #e6e6e6;background: light-dark(rgba(0,0,0,0.1), rgba(255,255,255,0.25));color: #000000;color: light-dark(#000000, #ffffff);border-radius: 2px  Server   true @ about://React/Server/webpack-internal:///(rsc)/./app/page.tsx?15:28
[    6835ms] [LOG] [Fast Refresh] rebuilding @ webpack-internal:///(app-pages-browser)/./node_modules/next/dist/client/dev/hot-reloader/app/hot-reloader-app.js:196
[    6867ms] [LOG] [Fast Refresh] done in 31ms @ webpack-internal:///(app-pages-browser)/./node_modules/next/dist/client/dev/report-hmr-latency.js:13
[    6995ms] [LOG] %c%s%c [HOME PAGE] Notion 글 수: background: #e6e6e6;background: light-dark(rgba(0,0,0,0.1), rgba(255,255,255,0.25));color: #000000;color: light-dark(#000000, #ffffff);border-radius: 2px  Server   0 @ about://React/Server/webpack-internal:///(rsc)/./app/page.tsx?13:25
[    6996ms] [LOG] %c%s%c [HOME PAGE] 표시될 글 수: background: #e6e6e6;background: light-dark(rgba(0,0,0,0.1), rgba(255,255,255,0.25));color: #000000;color: light-dark(#000000, #ffffff);border-radius: 2px  Server   10 @ about://React/Server/webpack-internal:///(rsc)/./app/page.tsx?14:27
[    6996ms] [LOG] %c%s%c [HOME PAGE] 테스트 글 사용? background: #e6e6e6;background: light-dark(rgba(0,0,0,0.1), rgba(255,255,255,0.25));color: #000000;color: light-dark(#000000, #ffffff);border-radius: 2px  Server   true @ about://React/Server/webpack-internal:///(rsc)/./app/page.tsx?15:28
[    7063ms] [LOG] [Fast Refresh] rebuilding @ webpack-internal:///(app-pages-browser)/./node_modules/next/dist/client/dev/hot-reloader/app/hot-reloader-app.js:196
[    7093ms] [LOG] [Fast Refresh] done in 30ms @ webpack-internal:///(app-pages-browser)/./node_modules/next/dist/client/dev/report-hmr-latency.js:13
[    7232ms] [LOG] %c%s%c [HOME PAGE] Notion 글 수: background: #e6e6e6;background: light-dark(rgba(0,0,0,0.1), rgba(255,255,255,0.25));color: #000000;color: light-dark(#000000, #ffffff);border-radius: 2px  Server   0 @ about://React/Server/webpack-internal:///(rsc)/./app/page.tsx?13:25
[    7233ms] [LOG] %c%s%c [HOME PAGE] 표시될 글 수: background: #e6e6e6;background: light-dark(rgba(0,0,0,0.1), rgba(255,255,255,0.25));color: #000000;color: light-dark(#000000, #ffffff);border-radius: 2px  Server   10 @ about://React/Server/webpack-internal:///(rsc)/./app/page.tsx?14:27
[    7233ms] [LOG] %c%s%c [HOME PAGE] 테스트 글 사용? background: #e6e6e6;background: light-dark(rgba(0,0,0,0.1), rgba(255,255,255,0.25));color: #000000;color: light-dark(#000000, #ffffff);border-radius: 2px  Server   true @ about://React/Server/webpack-internal:///(rsc)/./app/page.tsx?15:28
[    7296ms] [LOG] [Fast Refresh] rebuilding @ webpack-internal:///(app-pages-browser)/./node_modules/next/dist/client/dev/hot-reloader/app/hot-reloader-app.js:196
[    7326ms] [LOG] [Fast Refresh] done in 29ms @ webpack-internal:///(app-pages-browser)/./node_modules/next/dist/client/dev/report-hmr-latency.js:13
[    7455ms] [LOG] %c%s%c [HOME PAGE] Notion 글 수: background: #e6e6e6;background: light-dark(rgba(0,0,0,0.1), rgba(255,255,255,0.25));color: #000000;color: light-dark(#000000, #ffffff);border-radius: 2px  Server   0 @ about://React/Server/webpack-internal:///(rsc)/./app/page.tsx?13:25
[    7456ms] [LOG] %c%s%c [HOME PAGE] 표시될 글 수: background: #e6e6e6;background: light-dark(rgba(0,0,0,0.1), rgba(255,255,255,0.25));color: #000000;color: light-dark(#000000, #ffffff);border-radius: 2px  Server   10 @ about://React/Server/webpack-internal:///(rsc)/./app/page.tsx?14:27
[    7456ms] [LOG] %c%s%c [HOME PAGE] 테스트 글 사용? background: #e6e6e6;background: light-dark(rgba(0,0,0,0.1), rgba(255,255,255,0.25));color: #000000;color: light-dark(#000000, #ffffff);border-radius: 2px  Server   true @ about://React/Server/webpack-internal:///(rsc)/./app/page.tsx?15:28
[    7522ms] [LOG] [Fast Refresh] rebuilding @ webpack-internal:///(app-pages-browser)/./node_modules/next/dist/client/dev/hot-reloader/app/hot-reloader-app.js:196
[    7552ms] [LOG] [Fast Refresh] done in 30ms @ webpack-internal:///(app-pages-browser)/./node_modules/next/dist/client/dev/report-hmr-latency.js:13
[    7714ms] [LOG] [Fast Refresh] rebuilding @ webpack-internal:///(app-pages-browser)/./node_modules/next/dist/client/dev/hot-reloader/app/hot-reloader-app.js:196
[    7724ms] [LOG] [Fast Refresh] done in 10ms @ webpack-internal:///(app-pages-browser)/./node_modules/next/dist/client/dev/report-hmr-latency.js:13
[    7850ms] [LOG] %c%s%c [HOME PAGE] Notion 글 수: background: #e6e6e6;background: light-dark(rgba(0,0,0,0.1), rgba(255,255,255,0.25));color: #000000;color: light-dark(#000000, #ffffff);border-radius: 2px  Server   0 @ about://React/Server/webpack-internal:///(rsc)/./app/page.tsx?13:25
[    7851ms] [LOG] %c%s%c [HOME PAGE] 표시될 글 수: background: #e6e6e6;background: light-dark(rgba(0,0,0,0.1), rgba(255,255,255,0.25));color: #000000;color: light-dark(#000000, #ffffff);border-radius: 2px  Server   10 @ about://React/Server/webpack-internal:///(rsc)/./app/page.tsx?14:27
[    7851ms] [LOG] %c%s%c [HOME PAGE] 테스트 글 사용? background: #e6e6e6;background: light-dark(rgba(0,0,0,0.1), rgba(255,255,255,0.25));color: #000000;color: light-dark(#000000, #ffffff);border-radius: 2px  Server   true @ about://React/Server/webpack-internal:///(rsc)/./app/page.tsx?15:28
[    7928ms] [LOG] [Fast Refresh] rebuilding @ webpack-internal:///(app-pages-browser)/./node_modules/next/dist/client/dev/hot-reloader/app/hot-reloader-app.js:196
[    7975ms] [LOG] [Fast Refresh] done in 48ms @ webpack-internal:///(app-pages-browser)/./node_modules/next/dist/client/dev/report-hmr-latency.js:13
[    7977ms] [LOG] %c%s%c [HOME PAGE] Notion 글 수: background: #e6e6e6;background: light-dark(rgba(0,0,0,0.1), rgba(255,255,255,0.25));color: #000000;color: light-dark(#000000, #ffffff);border-radius: 2px  Server   0 @ about://React/Server/webpack-internal:///(rsc)/./app/page.tsx?13:25
[    7977ms] [LOG] %c%s%c [HOME PAGE] 표시될 글 수: background: #e6e6e6;background: light-dark(rgba(0,0,0,0.1), rgba(255,255,255,0.25));color: #000000;color: light-dark(#000000, #ffffff);border-radius: 2px  Server   10 @ about://React/Server/webpack-internal:///(rsc)/./app/page.tsx?14:27
[    7977ms] [LOG] %c%s%c [HOME PAGE] 테스트 글 사용? background: #e6e6e6;background: light-dark(rgba(0,0,0,0.1), rgba(255,255,255,0.25));color: #000000;color: light-dark(#000000, #ffffff);border-radius: 2px  Server   true @ about://React/Server/webpack-internal:///(rsc)/./app/page.tsx?15:28
[    8145ms] [LOG] %c%s%c [HOME PAGE] Notion 글 수: background: #e6e6e6;background: light-dark(rgba(0,0,0,0.1), rgba(255,255,255,0.25));color: #000000;color: light-dark(#000000, #ffffff);border-radius: 2px  Server   0 @ about://React/Server/webpack-internal:///(rsc)/./app/page.tsx?13:25
[    8145ms] [LOG] %c%s%c [HOME PAGE] 표시될 글 수: background: #e6e6e6;background: light-dark(rgba(0,0,0,0.1), rgba(255,255,255,0.25));color: #000000;color: light-dark(#000000, #ffffff);border-radius: 2px  Server   10 @ about://React/Server/webpack-internal:///(rsc)/./app/page.tsx?14:27
[    8145ms] [LOG] %c%s%c [HOME PAGE] 테스트 글 사용? background: #e6e6e6;background: light-dark(rgba(0,0,0,0.1), rgba(255,255,255,0.25));color: #000000;color: light-dark(#000000, #ffffff);border-radius: 2px  Server   true @ about://React/Server/webpack-internal:///(rsc)/./app/page.tsx?15:28
[    8155ms] [LOG] [Fast Refresh] rebuilding @ webpack-internal:///(app-pages-browser)/./node_modules/next/dist/client/dev/hot-reloader/app/hot-reloader-app.js:196
[    8178ms] [LOG] [Fast Refresh] done in 23ms @ webpack-internal:///(app-pages-browser)/./node_modules/next/dist/client/dev/report-hmr-latency.js:13
[    8310ms] [LOG] %c%s%c [HOME PAGE] Notion 글 수: background: #e6e6e6;background: light-dark(rgba(0,0,0,0.1), rgba(255,255,255,0.25));color: #000000;color: light-dark(#000000, #ffffff);border-radius: 2px  Server   0 @ about://React/Server/webpack-internal:///(rsc)/./app/page.tsx?13:25
[    8310ms] [LOG] %c%s%c [HOME PAGE] 표시될 글 수: background: #e6e6e6;background: light-dark(rgba(0,0,0,0.1), rgba(255,255,255,0.25));color: #000000;color: light-dark(#000000, #ffffff);border-radius: 2px  Server   10 @ about://React/Server/webpack-internal:///(rsc)/./app/page.tsx?14:27
[    8311ms] [LOG] %c%s%c [HOME PAGE] 테스트 글 사용? background: #e6e6e6;background: light-dark(rgba(0,0,0,0.1), rgba(255,255,255,0.25));color: #000000;color: light-dark(#000000, #ffffff);border-radius: 2px  Server   true @ about://React/Server/webpack-internal:///(rsc)/./app/page.tsx?15:28
[    8369ms] [LOG] [Fast Refresh] rebuilding @ webpack-internal:///(app-pages-browser)/./node_modules/next/dist/client/dev/hot-reloader/app/hot-reloader-app.js:196
[    8393ms] [LOG] [Fast Refresh] done in 24ms @ webpack-internal:///(app-pages-browser)/./node_modules/next/dist/client/dev/report-hmr-latency.js:13
[    8527ms] [LOG] %c%s%c [HOME PAGE] Notion 글 수: background: #e6e6e6;background: light-dark(rgba(0,0,0,0.1), rgba(255,255,255,0.25));color: #000000;color: light-dark(#000000, #ffffff);border-radius: 2px  Server   0 @ about://React/Server/webpack-internal:///(rsc)/./app/page.tsx?13:25
[    8527ms] [LOG] %c%s%c [HOME PAGE] 표시될 글 수: background: #e6e6e6;background: light-dark(rgba(0,0,0,0.1), rgba(255,255,255,0.25));color: #000000;color: light-dark(#000000, #ffffff);border-radius: 2px  Server   10 @ about://React/Server/webpack-internal:///(rsc)/./app/page.tsx?14:27
[    8527ms] [LOG] %c%s%c [HOME PAGE] 테스트 글 사용? background: #e6e6e6;background: light-dark(rgba(0,0,0,0.1), rgba(255,255,255,0.25));color: #000000;color: light-dark(#000000, #ffffff);border-radius: 2px  Server   true @ about://React/Server/webpack-internal:///(rsc)/./app/page.tsx?15:28
[    8584ms] [LOG] [Fast Refresh] rebuilding @ webpack-internal:///(app-pages-browser)/./node_modules/next/dist/client/dev/hot-reloader/app/hot-reloader-app.js:196
[    8608ms] [LOG] [Fast Refresh] done in 25ms @ webpack-internal:///(app-pages-browser)/./node_modules/next/dist/client/dev/report-hmr-latency.js:13
[    8757ms] [LOG] %c%s%c [HOME PAGE] Notion 글 수: background: #e6e6e6;background: light-dark(rgba(0,0,0,0.1), rgba(255,255,255,0.25));color: #000000;color: light-dark(#000000, #ffffff);border-radius: 2px  Server   0 @ about://React/Server/webpack-internal:///(rsc)/./app/page.tsx?13:25
[    8757ms] [LOG] %c%s%c [HOME PAGE] 표시될 글 수: background: #e6e6e6;background: light-dark(rgba(0,0,0,0.1), rgba(255,255,255,0.25));color: #000000;color: light-dark(#000000, #ffffff);border-radius: 2px  Server   10 @ about://React/Server/webpack-internal:///(rsc)/./app/page.tsx?14:27
[    8757ms] [LOG] %c%s%c [HOME PAGE] 테스트 글 사용? background: #e6e6e6;background: light-dark(rgba(0,0,0,0.1), rgba(255,255,255,0.25));color: #000000;color: light-dark(#000000, #ffffff);border-radius: 2px  Server   true @ about://React/Server/webpack-internal:///(rsc)/./app/page.tsx?15:28
[    8820ms] [LOG] [Fast Refresh] rebuilding @ webpack-internal:///(app-pages-browser)/./node_modules/next/dist/client/dev/hot-reloader/app/hot-reloader-app.js:196
[    8850ms] [LOG] [Fast Refresh] done in 31ms @ webpack-internal:///(app-pages-browser)/./node_modules/next/dist/client/dev/report-hmr-latency.js:13
[    8991ms] [LOG] %c%s%c [HOME PAGE] Notion 글 수: background: #e6e6e6;background: light-dark(rgba(0,0,0,0.1), rgba(255,255,255,0.25));color: #000000;color: light-dark(#000000, #ffffff);border-radius: 2px  Server   0 @ about://React/Server/webpack-internal:///(rsc)/./app/page.tsx?13:25
[    8992ms] [LOG] %c%s%c [HOME PAGE] 표시될 글 수: background: #e6e6e6;background: light-dark(rgba(0,0,0,0.1), rgba(255,255,255,0.25));color: #000000;color: light-dark(#000000, #ffffff);border-radius: 2px  Server   10 @ about://React/Server/webpack-internal:///(rsc)/./app/page.tsx?14:27
[    8992ms] [LOG] %c%s%c [HOME PAGE] 테스트 글 사용? background: #e6e6e6;background: light-dark(rgba(0,0,0,0.1), rgba(255,255,255,0.25));color: #000000;color: light-dark(#000000, #ffffff);border-radius: 2px  Server   true @ about://React/Server/webpack-internal:///(rsc)/./app/page.tsx?15:28
[    9067ms] [LOG] [Fast Refresh] rebuilding @ webpack-internal:///(app-pages-browser)/./node_modules/next/dist/client/dev/hot-reloader/app/hot-reloader-app.js:196
[    9117ms] [LOG] [Fast Refresh] done in 51ms @ webpack-internal:///(app-pages-browser)/./node_modules/next/dist/client/dev/report-hmr-latency.js:13
[    9288ms] [LOG] %c%s%c [HOME PAGE] Notion 글 수: background: #e6e6e6;background: light-dark(rgba(0,0,0,0.1), rgba(255,255,255,0.25));color: #000000;color: light-dark(#000000, #ffffff);border-radius: 2px  Server   0 @ about://React/Server/webpack-internal:///(rsc)/./app/page.tsx?13:25
[    9288ms] [LOG] %c%s%c [HOME PAGE] 표시될 글 수: background: #e6e6e6;background: light-dark(rgba(0,0,0,0.1), rgba(255,255,255,0.25));color: #000000;color: light-dark(#000000, #ffffff);border-radius: 2px  Server   10 @ about://React/Server/webpack-internal:///(rsc)/./app/page.tsx?14:27
[    9289ms] [LOG] %c%s%c [HOME PAGE] 테스트 글 사용? background: #e6e6e6;background: light-dark(rgba(0,0,0,0.1), rgba(255,255,255,0.25));color: #000000;color: light-dark(#000000, #ffffff);border-radius: 2px  Server   true @ about://React/Server/webpack-internal:///(rsc)/./app/page.tsx?15:28
[    9353ms] [LOG] [Fast Refresh] rebuilding @ webpack-internal:///(app-pages-browser)/./node_modules/next/dist/client/dev/hot-reloader/app/hot-reloader-app.js:196
[    9392ms] [LOG] [Fast Refresh] done in 38ms @ webpack-internal:///(app-pages-browser)/./node_modules/next/dist/client/dev/report-hmr-latency.js:13
[    9531ms] [LOG] [Fast Refresh] rebuilding @ webpack-internal:///(app-pages-browser)/./node_modules/next/dist/client/dev/hot-reloader/app/hot-reloader-app.js:196
[    9542ms] [LOG] [Fast Refresh] done in 10ms @ webpack-internal:///(app-pages-browser)/./node_modules/next/dist/client/dev/report-hmr-latency.js:13
[    9690ms] [LOG] %c%s%c [HOME PAGE] Notion 글 수: background: #e6e6e6;background: light-dark(rgba(0,0,0,0.1), rgba(255,255,255,0.25));color: #000000;color: light-dark(#000000, #ffffff);border-radius: 2px  Server   0 @ about://React/Server/webpack-internal:///(rsc)/./app/page.tsx?13:25
[    9690ms] [LOG] %c%s%c [HOME PAGE] 표시될 글 수: background: #e6e6e6;background: light-dark(rgba(0,0,0,0.1), rgba(255,255,255,0.25));color: #000000;color: light-dark(#000000, #ffffff);border-radius: 2px  Server   10 @ about://React/Server/webpack-internal:///(rsc)/./app/page.tsx?14:27
[    9690ms] [LOG] %c%s%c [HOME PAGE] 테스트 글 사용? background: #e6e6e6;background: light-dark(rgba(0,0,0,0.1), rgba(255,255,255,0.25));color: #000000;color: light-dark(#000000, #ffffff);border-radius: 2px  Server   true @ about://React/Server/webpack-internal:///(rsc)/./app/page.tsx?15:28
[    9756ms] [LOG] [Fast Refresh] rebuilding @ webpack-internal:///(app-pages-browser)/./node_modules/next/dist/client/dev/hot-reloader/app/hot-reloader-app.js:196
[    9770ms] [LOG] [Fast Refresh] done in 14ms @ webpack-internal:///(app-pages-browser)/./node_modules/next/dist/client/dev/report-hmr-latency.js:13
[    9806ms] [LOG] %c%s%c [HOME PAGE] Notion 글 수: background: #e6e6e6;background: light-dark(rgba(0,0,0,0.1), rgba(255,255,255,0.25));color: #000000;color: light-dark(#000000, #ffffff);border-radius: 2px  Server   0 @ about://React/Server/webpack-internal:///(rsc)/./app/page.tsx?13:25
[    9806ms] [LOG] %c%s%c [HOME PAGE] 표시될 글 수: background: #e6e6e6;background: light-dark(rgba(0,0,0,0.1), rgba(255,255,255,0.25));color: #000000;color: light-dark(#000000, #ffffff);border-radius: 2px  Server   10 @ about://React/Server/webpack-internal:///(rsc)/./app/page.tsx?14:27
[    9806ms] [LOG] %c%s%c [HOME PAGE] 테스트 글 사용? background: #e6e6e6;background: light-dark(rgba(0,0,0,0.1), rgba(255,255,255,0.25));color: #000000;color: light-dark(#000000, #ffffff);border-radius: 2px  Server   true @ about://React/Server/webpack-internal:///(rsc)/./app/page.tsx?15:28
[    9996ms] [LOG] %c%s%c [HOME PAGE] Notion 글 수: background: #e6e6e6;background: light-dark(rgba(0,0,0,0.1), rgba(255,255,255,0.25));color: #000000;color: light-dark(#000000, #ffffff);border-radius: 2px  Server   0 @ about://React/Server/webpack-internal:///(rsc)/./app/page.tsx?13:25
[    9997ms] [LOG] %c%s%c [HOME PAGE] 표시될 글 수: background: #e6e6e6;background: light-dark(rgba(0,0,0,0.1), rgba(255,255,255,0.25));color: #000000;color: light-dark(#000000, #ffffff);border-radius: 2px  Server   10 @ about://React/Server/webpack-internal:///(rsc)/./app/page.tsx?14:27
[    9997ms] [LOG] %c%s%c [HOME PAGE] 테스트 글 사용? background: #e6e6e6;background: light-dark(rgba(0,0,0,0.1), rgba(255,255,255,0.25));color: #000000;color: light-dark(#000000, #ffffff);border-radius: 2px  Server   true @ about://React/Server/webpack-internal:///(rsc)/./app/page.tsx?15:28
[   10003ms] [LOG] [Fast Refresh] rebuilding @ webpack-internal:///(app-pages-browser)/./node_modules/next/dist/client/dev/hot-reloader/app/hot-reloader-app.js:196
[   10024ms] [LOG] [Fast Refresh] done in 21ms @ webpack-internal:///(app-pages-browser)/./node_modules/next/dist/client/dev/report-hmr-latency.js:13
[   10179ms] [LOG] %c%s%c [HOME PAGE] Notion 글 수: background: #e6e6e6;background: light-dark(rgba(0,0,0,0.1), rgba(255,255,255,0.25));color: #000000;color: light-dark(#000000, #ffffff);border-radius: 2px  Server   0 @ about://React/Server/webpack-internal:///(rsc)/./app/page.tsx?13:25
[   10179ms] [LOG] %c%s%c [HOME PAGE] 표시될 글 수: background: #e6e6e6;background: light-dark(rgba(0,0,0,0.1), rgba(255,255,255,0.25));color: #000000;color: light-dark(#000000, #ffffff);border-radius: 2px  Server   10 @ about://React/Server/webpack-internal:///(rsc)/./app/page.tsx?14:27
[   10179ms] [LOG] %c%s%c [HOME PAGE] 테스트 글 사용? background: #e6e6e6;background: light-dark(rgba(0,0,0,0.1), rgba(255,255,255,0.25));color: #000000;color: light-dark(#000000, #ffffff);border-radius: 2px  Server   true @ about://React/Server/webpack-internal:///(rsc)/./app/page.tsx?15:28
[   10239ms] [LOG] [Fast Refresh] rebuilding @ webpack-internal:///(app-pages-browser)/./node_modules/next/dist/client/dev/hot-reloader/app/hot-reloader-app.js:196
[   10359ms] [LOG] [Fast Refresh] done in 120ms @ webpack-internal:///(app-pages-browser)/./node_modules/next/dist/client/dev/report-hmr-latency.js:13
[   10405ms] [LOG] %c%s%c [HOME PAGE] Notion 글 수: background: #e6e6e6;background: light-dark(rgba(0,0,0,0.1), rgba(255,255,255,0.25));color: #000000;color: light-dark(#000000, #ffffff);border-radius: 2px  Server   0 @ about://React/Server/webpack-internal:///(rsc)/./app/page.tsx?13:25
[   10405ms] [LOG] %c%s%c [HOME PAGE] 표시될 글 수: background: #e6e6e6;background: light-dark(rgba(0,0,0,0.1), rgba(255,255,255,0.25));color: #000000;color: light-dark(#000000, #ffffff);border-radius: 2px  Server   10 @ about://React/Server/webpack-internal:///(rsc)/./app/page.tsx?14:27
[   10405ms] [LOG] %c%s%c [HOME PAGE] 테스트 글 사용? background: #e6e6e6;background: light-dark(rgba(0,0,0,0.1), rgba(255,255,255,0.25));color: #000000;color: light-dark(#000000, #ffffff);border-radius: 2px  Server   true @ about://React/Server/webpack-internal:///(rsc)/./app/page.tsx?15:28
[   10467ms] [LOG] [Fast Refresh] rebuilding @ webpack-internal:///(app-pages-browser)/./node_modules/next/dist/client/dev/hot-reloader/app/hot-reloader-app.js:196
[   10491ms] [LOG] [Fast Refresh] done in 24ms @ webpack-internal:///(app-pages-browser)/./node_modules/next/dist/client/dev/report-hmr-latency.js:13
[   10627ms] [LOG] %c%s%c [HOME PAGE] Notion 글 수: background: #e6e6e6;background: light-dark(rgba(0,0,0,0.1), rgba(255,255,255,0.25));color: #000000;color: light-dark(#000000, #ffffff);border-radius: 2px  Server   0 @ about://React/Server/webpack-internal:///(rsc)/./app/page.tsx?13:25
[   10627ms] [LOG] %c%s%c [HOME PAGE] 표시될 글 수: background: #e6e6e6;background: light-dark(rgba(0,0,0,0.1), rgba(255,255,255,0.25));color: #000000;color: light-dark(#000000, #ffffff);border-radius: 2px  Server   10 @ about://React/Server/webpack-internal:///(rsc)/./app/page.tsx?14:27
[   10628ms] [LOG] %c%s%c [HOME PAGE] 테스트 글 사용? background: #e6e6e6;background: light-dark(rgba(0,0,0,0.1), rgba(255,255,255,0.25));color: #000000;color: light-dark(#000000, #ffffff);border-radius: 2px  Server   true @ about://React/Server/webpack-internal:///(rsc)/./app/page.tsx?15:28
[   10696ms] [LOG] [Fast Refresh] rebuilding @ webpack-internal:///(app-pages-browser)/./node_modules/next/dist/client/dev/hot-reloader/app/hot-reloader-app.js:196
[   10729ms] [LOG] [Fast Refresh] done in 32ms @ webpack-internal:///(app-pages-browser)/./node_modules/next/dist/client/dev/report-hmr-latency.js:13
[   10878ms] [LOG] %c%s%c [HOME PAGE] Notion 글 수: background: #e6e6e6;background: light-dark(rgba(0,0,0,0.1), rgba(255,255,255,0.25));color: #000000;color: light-dark(#000000, #ffffff);border-radius: 2px  Server   0 @ about://React/Server/webpack-internal:///(rsc)/./app/page.tsx?13:25
[   10878ms] [LOG] %c%s%c [HOME PAGE] 표시될 글 수: background: #e6e6e6;background: light-dark(rgba(0,0,0,0.1), rgba(255,255,255,0.25));color: #000000;color: light-dark(#000000, #ffffff);border-radius: 2px  Server   10 @ about://React/Server/webpack-internal:///(rsc)/./app/page.tsx?14:27
[   10879ms] [LOG] %c%s%c [HOME PAGE] 테스트 글 사용? background: #e6e6e6;background: light-dark(rgba(0,0,0,0.1), rgba(255,255,255,0.25));color: #000000;color: light-dark(#000000, #ffffff);border-radius: 2px  Server   true @ about://React/Server/webpack-internal:///(rsc)/./app/page.tsx?15:28
[   10936ms] [LOG] [Fast Refresh] rebuilding @ webpack-internal:///(app-pages-browser)/./node_modules/next/dist/client/dev/hot-reloader/app/hot-reloader-app.js:196
[   10968ms] [LOG] [Fast Refresh] done in 33ms @ webpack-internal:///(app-pages-browser)/./node_modules/next/dist/client/dev/report-hmr-latency.js:13
[   11116ms] [LOG] %c%s%c [HOME PAGE] Notion 글 수: background: #e6e6e6;background: light-dark(rgba(0,0,0,0.1), rgba(255,255,255,0.25));color: #000000;color: light-dark(#000000, #ffffff);border-radius: 2px  Server   0 @ about://React/Server/webpack-internal:///(rsc)/./app/page.tsx?13:25
[   11116ms] [LOG] %c%s%c [HOME PAGE] 표시될 글 수: background: #e6e6e6;background: light-dark(rgba(0,0,0,0.1), rgba(255,255,255,0.25));color: #000000;color: light-dark(#000000, #ffffff);border-radius: 2px  Server   10 @ about://React/Server/webpack-internal:///(rsc)/./app/page.tsx?14:27
[   11116ms] [LOG] %c%s%c [HOME PAGE] 테스트 글 사용? background: #e6e6e6;background: light-dark(rgba(0,0,0,0.1), rgba(255,255,255,0.25));color: #000000;color: light-dark(#000000, #ffffff);border-radius: 2px  Server   true @ about://React/Server/webpack-internal:///(rsc)/./app/page.tsx?15:28
[   11166ms] [LOG] [Fast Refresh] rebuilding @ webpack-internal:///(app-pages-browser)/./node_modules/next/dist/client/dev/hot-reloader/app/hot-reloader-app.js:196
[   11190ms] [LOG] [Fast Refresh] done in 25ms @ webpack-internal:///(app-pages-browser)/./node_modules/next/dist/client/dev/report-hmr-latency.js:13
[   11307ms] [LOG] %c%s%c [HOME PAGE] Notion 글 수: background: #e6e6e6;background: light-dark(rgba(0,0,0,0.1), rgba(255,255,255,0.25));color: #000000;color: light-dark(#000000, #ffffff);border-radius: 2px  Server   0 @ about://React/Server/webpack-internal:///(rsc)/./app/page.tsx?13:25
[   11307ms] [LOG] %c%s%c [HOME PAGE] 표시될 글 수: background: #e6e6e6;background: light-dark(rgba(0,0,0,0.1), rgba(255,255,255,0.25));color: #000000;color: light-dark(#000000, #ffffff);border-radius: 2px  Server   10 @ about://React/Server/webpack-internal:///(rsc)/./app/page.tsx?14:27
[   11307ms] [LOG] %c%s%c [HOME PAGE] 테스트 글 사용? background: #e6e6e6;background: light-dark(rgba(0,0,0,0.1), rgba(255,255,255,0.25));color: #000000;color: light-dark(#000000, #ffffff);border-radius: 2px  Server   true @ about://React/Server/webpack-internal:///(rsc)/./app/page.tsx?15:28
[   11358ms] [LOG] [Fast Refresh] rebuilding @ webpack-internal:///(app-pages-browser)/./node_modules/next/dist/client/dev/hot-reloader/app/hot-reloader-app.js:196
[   11385ms] [LOG] [Fast Refresh] done in 27ms @ webpack-internal:///(app-pages-browser)/./node_modules/next/dist/client/dev/report-hmr-latency.js:13
[   11530ms] [LOG] %c%s%c [HOME PAGE] Notion 글 수: background: #e6e6e6;background: light-dark(rgba(0,0,0,0.1), rgba(255,255,255,0.25));color: #000000;color: light-dark(#000000, #ffffff);border-radius: 2px  Server   0 @ about://React/Server/webpack-internal:///(rsc)/./app/page.tsx?13:25
[   11531ms] [LOG] %c%s%c [HOME PAGE] 표시될 글 수: background: #e6e6e6;background: light-dark(rgba(0,0,0,0.1), rgba(255,255,255,0.25));color: #000000;color: light-dark(#000000, #ffffff);border-radius: 2px  Server   10 @ about://React/Server/webpack-internal:///(rsc)/./app/page.tsx?14:27
[   11531ms] [LOG] %c%s%c [HOME PAGE] 테스트 글 사용? background: #e6e6e6;background: light-dark(rgba(0,0,0,0.1), rgba(255,255,255,0.25));color: #000000;color: light-dark(#000000, #ffffff);border-radius: 2px  Server   true @ about://React/Server/webpack-internal:///(rsc)/./app/page.tsx?15:28
[   11606ms] [LOG] [Fast Refresh] rebuilding @ webpack-internal:///(app-pages-browser)/./node_modules/next/dist/client/dev/hot-reloader/app/hot-reloader-app.js:196
[   11643ms] [LOG] [Fast Refresh] done in 37ms @ webpack-internal:///(app-pages-browser)/./node_modules/next/dist/client/dev/report-hmr-latency.js:13
[   11782ms] [LOG] %c%s%c [HOME PAGE] Notion 글 수: background: #e6e6e6;background: light-dark(rgba(0,0,0,0.1), rgba(255,255,255,0.25));color: #000000;color: light-dark(#000000, #ffffff);border-radius: 2px  Server   0 @ about://React/Server/webpack-internal:///(rsc)/./app/page.tsx?13:25
[   11782ms] [LOG] %c%s%c [HOME PAGE] 표시될 글 수: background: #e6e6e6;background: light-dark(rgba(0,0,0,0.1), rgba(255,255,255,0.25));color: #000000;color: light-dark(#000000, #ffffff);border-radius: 2px  Server   10 @ about://React/Server/webpack-internal:///(rsc)/./app/page.tsx?14:27
[   11782ms] [LOG] %c%s%c [HOME PAGE] 테스트 글 사용? background: #e6e6e6;background: light-dark(rgba(0,0,0,0.1), rgba(255,255,255,0.25));color: #000000;color: light-dark(#000000, #ffffff);border-radius: 2px  Server   true @ about://React/Server/webpack-internal:///(rsc)/./app/page.tsx?15:28
[   11893ms] [LOG] [Fast Refresh] rebuilding @ webpack-internal:///(app-pages-browser)/./node_modules/next/dist/client/dev/hot-reloader/app/hot-reloader-app.js:196
[   11933ms] [LOG] [Fast Refresh] done in 40ms @ webpack-internal:///(app-pages-browser)/./node_modules/next/dist/client/dev/report-hmr-latency.js:13
[   12066ms] [LOG] %c%s%c [HOME PAGE] Notion 글 수: background: #e6e6e6;background: light-dark(rgba(0,0,0,0.1), rgba(255,255,255,0.25));color: #000000;color: light-dark(#000000, #ffffff);border-radius: 2px  Server   0 @ about://React/Server/webpack-internal:///(rsc)/./app/page.tsx?13:25
[   12066ms] [LOG] %c%s%c [HOME PAGE] 표시될 글 수: background: #e6e6e6;background: light-dark(rgba(0,0,0,0.1), rgba(255,255,255,0.25));color: #000000;color: light-dark(#000000, #ffffff);border-radius: 2px  Server   10 @ about://React/Server/webpack-internal:///(rsc)/./app/page.tsx?14:27
[   12067ms] [LOG] %c%s%c [HOME PAGE] 테스트 글 사용? background: #e6e6e6;background: light-dark(rgba(0,0,0,0.1), rgba(255,255,255,0.25));color: #000000;color: light-dark(#000000, #ffffff);border-radius: 2px  Server   true @ about://React/Server/webpack-internal:///(rsc)/./app/page.tsx?15:28
[   12118ms] [LOG] [Fast Refresh] rebuilding @ webpack-internal:///(app-pages-browser)/./node_modules/next/dist/client/dev/hot-reloader/app/hot-reloader-app.js:196
[   12159ms] [LOG] [Fast Refresh] done in 40ms @ webpack-internal:///(app-pages-browser)/./node_modules/next/dist/client/dev/report-hmr-latency.js:13
[   12279ms] [LOG] %c%s%c [HOME PAGE] Notion 글 수: background: #e6e6e6;background: light-dark(rgba(0,0,0,0.1), rgba(255,255,255,0.25));color: #000000;color: light-dark(#000000, #ffffff);border-radius: 2px  Server   0 @ about://React/Server/webpack-internal:///(rsc)/./app/page.tsx?13:25
[   12280ms] [LOG] %c%s%c [HOME PAGE] 표시될 글 수: background: #e6e6e6;background: light-dark(rgba(0,0,0,0.1), rgba(255,255,255,0.25));color: #000000;color: light-dark(#000000, #ffffff);border-radius: 2px  Server   10 @ about://React/Server/webpack-internal:///(rsc)/./app/page.tsx?14:27
[   12280ms] [LOG] %c%s%c [HOME PAGE] 테스트 글 사용? background: #e6e6e6;background: light-dark(rgba(0,0,0,0.1), rgba(255,255,255,0.25));color: #000000;color: light-dark(#000000, #ffffff);border-radius: 2px  Server   true @ about://React/Server/webpack-internal:///(rsc)/./app/page.tsx?15:28
[   12355ms] [LOG] [Fast Refresh] rebuilding @ webpack-internal:///(app-pages-browser)/./node_modules/next/dist/client/dev/hot-reloader/app/hot-reloader-app.js:196
[   12391ms] [LOG] [Fast Refresh] done in 36ms @ webpack-internal:///(app-pages-browser)/./node_modules/next/dist/client/dev/report-hmr-latency.js:13
[   12527ms] [LOG] %c%s%c [HOME PAGE] Notion 글 수: background: #e6e6e6;background: light-dark(rgba(0,0,0,0.1), rgba(255,255,255,0.25));color: #000000;color: light-dark(#000000, #ffffff);border-radius: 2px  Server   0 @ about://React/Server/webpack-internal:///(rsc)/./app/page.tsx?13:25
[   12527ms] [LOG] %c%s%c [HOME PAGE] 표시될 글 수: background: #e6e6e6;background: light-dark(rgba(0,0,0,0.1), rgba(255,255,255,0.25));color: #000000;color: light-dark(#000000, #ffffff);border-radius: 2px  Server   10 @ about://React/Server/webpack-internal:///(rsc)/./app/page.tsx?14:27
[   12527ms] [LOG] %c%s%c [HOME PAGE] 테스트 글 사용? background: #e6e6e6;background: light-dark(rgba(0,0,0,0.1), rgba(255,255,255,0.25));color: #000000;color: light-dark(#000000, #ffffff);border-radius: 2px  Server   true @ about://React/Server/webpack-internal:///(rsc)/./app/page.tsx?15:28
[   12585ms] [LOG] [Fast Refresh] rebuilding @ webpack-internal:///(app-pages-browser)/./node_modules/next/dist/client/dev/hot-reloader/app/hot-reloader-app.js:196
[   12612ms] [LOG] [Fast Refresh] done in 26ms @ webpack-internal:///(app-pages-browser)/./node_modules/next/dist/client/dev/report-hmr-latency.js:13
[   12741ms] [LOG] %c%s%c [HOME PAGE] Notion 글 수: background: #e6e6e6;background: light-dark(rgba(0,0,0,0.1), rgba(255,255,255,0.25));color: #000000;color: light-dark(#000000, #ffffff);border-radius: 2px  Server   0 @ about://React/Server/webpack-internal:///(rsc)/./app/page.tsx?13:25
[   12741ms] [LOG] %c%s%c [HOME PAGE] 표시될 글 수: background: #e6e6e6;background: light-dark(rgba(0,0,0,0.1), rgba(255,255,255,0.25));color: #000000;color: light-dark(#000000, #ffffff);border-radius: 2px  Server   10 @ about://React/Server/webpack-internal:///(rsc)/./app/page.tsx?14:27
[   12741ms] [LOG] %c%s%c [HOME PAGE] 테스트 글 사용? background: #e6e6e6;background: light-dark(rgba(0,0,0,0.1), rgba(255,255,255,0.25));color: #000000;color: light-dark(#000000, #ffffff);border-radius: 2px  Server   true @ about://React/Server/webpack-internal:///(rsc)/./app/page.tsx?15:28
[   12799ms] [LOG] [Fast Refresh] rebuilding @ webpack-internal:///(app-pages-browser)/./node_modules/next/dist/client/dev/hot-reloader/app/hot-reloader-app.js:196
[   12825ms] [LOG] [Fast Refresh] done in 25ms @ webpack-internal:///(app-pages-browser)/./node_modules/next/dist/client/dev/report-hmr-latency.js:13
[   12967ms] [LOG] %c%s%c [HOME PAGE] Notion 글 수: background: #e6e6e6;background: light-dark(rgba(0,0,0,0.1), rgba(255,255,255,0.25));color: #000000;color: light-dark(#000000, #ffffff);border-radius: 2px  Server   0 @ about://React/Server/webpack-internal:///(rsc)/./app/page.tsx?13:25
[   12968ms] [LOG] %c%s%c [HOME PAGE] 표시될 글 수: background: #e6e6e6;background: light-dark(rgba(0,0,0,0.1), rgba(255,255,255,0.25));color: #000000;color: light-dark(#000000, #ffffff);border-radius: 2px  Server   10 @ about://React/Server/webpack-internal:///(rsc)/./app/page.tsx?14:27
[   12968ms] [LOG] %c%s%c [HOME PAGE] 테스트 글 사용? background: #e6e6e6;background: light-dark(rgba(0,0,0,0.1), rgba(255,255,255,0.25));color: #000000;color: light-dark(#000000, #ffffff);border-radius: 2px  Server   true @ about://React/Server/webpack-internal:///(rsc)/./app/page.tsx?15:28
[   13058ms] [LOG] [Fast Refresh] rebuilding @ webpack-internal:///(app-pages-browser)/./node_modules/next/dist/client/dev/hot-reloader/app/hot-reloader-app.js:196
[   13093ms] [LOG] [Fast Refresh] done in 35ms @ webpack-internal:///(app-pages-browser)/./node_modules/next/dist/client/dev/report-hmr-latency.js:13
[   13208ms] [LOG] %c%s%c [HOME PAGE] Notion 글 수: background: #e6e6e6;background: light-dark(rgba(0,0,0,0.1), rgba(255,255,255,0.25));color: #000000;color: light-dark(#000000, #ffffff);border-radius: 2px  Server   0 @ about://React/Server/webpack-internal:///(rsc)/./app/page.tsx?13:25
[   13208ms] [LOG] %c%s%c [HOME PAGE] 표시될 글 수: background: #e6e6e6;background: light-dark(rgba(0,0,0,0.1), rgba(255,255,255,0.25));color: #000000;color: light-dark(#000000, #ffffff);border-radius: 2px  Server   10 @ about://React/Server/webpack-internal:///(rsc)/./app/page.tsx?14:27
[   13209ms] [LOG] %c%s%c [HOME PAGE] 테스트 글 사용? background: #e6e6e6;background: light-dark(rgba(0,0,0,0.1), rgba(255,255,255,0.25));color: #000000;color: light-dark(#000000, #ffffff);border-radius: 2px  Server   true @ about://React/Server/webpack-internal:///(rsc)/./app/page.tsx?15:28
[   13274ms] [LOG] [Fast Refresh] rebuilding @ webpack-internal:///(app-pages-browser)/./node_modules/next/dist/client/dev/hot-reloader/app/hot-reloader-app.js:196
[   13301ms] [LOG] [Fast Refresh] done in 28ms @ webpack-internal:///(app-pages-browser)/./node_modules/next/dist/client/dev/report-hmr-latency.js:13
[   13421ms] [LOG] %c%s%c [HOME PAGE] Notion 글 수: background: #e6e6e6;background: light-dark(rgba(0,0,0,0.1), rgba(255,255,255,0.25));color: #000000;color: light-dark(#000000, #ffffff);border-radius: 2px  Server   0 @ about://React/Server/webpack-internal:///(rsc)/./app/page.tsx?13:25
[   13421ms] [LOG] %c%s%c [HOME PAGE] 표시될 글 수: background: #e6e6e6;background: light-dark(rgba(0,0,0,0.1), rgba(255,255,255,0.25));color: #000000;color: light-dark(#000000, #ffffff);border-radius: 2px  Server   10 @ about://React/Server/webpack-internal:///(rsc)/./app/page.tsx?14:27
[   13421ms] [LOG] %c%s%c [HOME PAGE] 테스트 글 사용? background: #e6e6e6;background: light-dark(rgba(0,0,0,0.1), rgba(255,255,255,0.25));color: #000000;color: light-dark(#000000, #ffffff);border-radius: 2px  Server   true @ about://React/Server/webpack-internal:///(rsc)/./app/page.tsx?15:28
[   13480ms] [LOG] [Fast Refresh] rebuilding @ webpack-internal:///(app-pages-browser)/./node_modules/next/dist/client/dev/hot-reloader/app/hot-reloader-app.js:196
[   13523ms] [LOG] [Fast Refresh] done in 43ms @ webpack-internal:///(app-pages-browser)/./node_modules/next/dist/client/dev/report-hmr-latency.js:13
[   13776ms] [LOG] %c%s%c [HOME PAGE] Notion 글 수: background: #e6e6e6;background: light-dark(rgba(0,0,0,0.1), rgba(255,255,255,0.25));color: #000000;color: light-dark(#000000, #ffffff);border-radius: 2px  Server   0 @ about://React/Server/webpack-internal:///(rsc)/./app/page.tsx?13:25
[   13777ms] [LOG] %c%s%c [HOME PAGE] 표시될 글 수: background: #e6e6e6;background: light-dark(rgba(0,0,0,0.1), rgba(255,255,255,0.25));color: #000000;color: light-dark(#000000, #ffffff);border-radius: 2px  Server   10 @ about://React/Server/webpack-internal:///(rsc)/./app/page.tsx?14:27
[   13777ms] [LOG] %c%s%c [HOME PAGE] 테스트 글 사용? background: #e6e6e6;background: light-dark(rgba(0,0,0,0.1), rgba(255,255,255,0.25));color: #000000;color: light-dark(#000000, #ffffff);border-radius: 2px  Server   true @ about://React/Server/webpack-internal:///(rsc)/./app/page.tsx?15:28
[   13848ms] [LOG] [Fast Refresh] rebuilding @ webpack-internal:///(app-pages-browser)/./node_modules/next/dist/client/dev/hot-reloader/app/hot-reloader-app.js:196
[   13880ms] [LOG] [Fast Refresh] done in 32ms @ webpack-internal:///(app-pages-browser)/./node_modules/next/dist/client/dev/report-hmr-latency.js:13
[   14016ms] [LOG] %c%s%c [HOME PAGE] Notion 글 수: background: #e6e6e6;background: light-dark(rgba(0,0,0,0.1), rgba(255,255,255,0.25));color: #000000;color: light-dark(#000000, #ffffff);border-radius: 2px  Server   0 @ about://React/Server/webpack-internal:///(rsc)/./app/page.tsx?13:25
[   14016ms] [LOG] %c%s%c [HOME PAGE] 표시될 글 수: background: #e6e6e6;background: light-dark(rgba(0,0,0,0.1), rgba(255,255,255,0.25));color: #000000;color: light-dark(#000000, #ffffff);border-radius: 2px  Server   10 @ about://React/Server/webpack-internal:///(rsc)/./app/page.tsx?14:27
[   14016ms] [LOG] %c%s%c [HOME PAGE] 테스트 글 사용? background: #e6e6e6;background: light-dark(rgba(0,0,0,0.1), rgba(255,255,255,0.25));color: #000000;color: light-dark(#000000, #ffffff);border-radius: 2px  Server   true @ about://React/Server/webpack-internal:///(rsc)/./app/page.tsx?15:28
[   14084ms] [LOG] [Fast Refresh] rebuilding @ webpack-internal:///(app-pages-browser)/./node_modules/next/dist/client/dev/hot-reloader/app/hot-reloader-app.js:196
[   14118ms] [LOG] [Fast Refresh] done in 33ms @ webpack-internal:///(app-pages-browser)/./node_modules/next/dist/client/dev/report-hmr-latency.js:13
[   14276ms] [LOG] %c%s%c [HOME PAGE] Notion 글 수: background: #e6e6e6;background: light-dark(rgba(0,0,0,0.1), rgba(255,255,255,0.25));color: #000000;color: light-dark(#000000, #ffffff);border-radius: 2px  Server   0 @ about://React/Server/webpack-internal:///(rsc)/./app/page.tsx?13:25
[   14276ms] [LOG] %c%s%c [HOME PAGE] 표시될 글 수: background: #e6e6e6;background: light-dark(rgba(0,0,0,0.1), rgba(255,255,255,0.25));color: #000000;color: light-dark(#000000, #ffffff);border-radius: 2px  Server   10 @ about://React/Server/webpack-internal:///(rsc)/./app/page.tsx?14:27
[   14276ms] [LOG] %c%s%c [HOME PAGE] 테스트 글 사용? background: #e6e6e6;background: light-dark(rgba(0,0,0,0.1), rgba(255,255,255,0.25));color: #000000;color: light-dark(#000000, #ffffff);border-radius: 2px  Server   true @ about://React/Server/webpack-internal:///(rsc)/./app/page.tsx?15:28
[   14337ms] [LOG] [Fast Refresh] rebuilding @ webpack-internal:///(app-pages-browser)/./node_modules/next/dist/client/dev/hot-reloader/app/hot-reloader-app.js:196
[   14379ms] [LOG] [Fast Refresh] done in 42ms @ webpack-internal:///(app-pages-browser)/./node_modules/next/dist/client/dev/report-hmr-latency.js:13
[   14505ms] [LOG] %c%s%c [HOME PAGE] Notion 글 수: background: #e6e6e6;background: light-dark(rgba(0,0,0,0.1), rgba(255,255,255,0.25));color: #000000;color: light-dark(#000000, #ffffff);border-radius: 2px  Server   0 @ about://React/Server/webpack-internal:///(rsc)/./app/page.tsx?13:25
[   14505ms] [LOG] %c%s%c [HOME PAGE] 표시될 글 수: background: #e6e6e6;background: light-dark(rgba(0,0,0,0.1), rgba(255,255,255,0.25));color: #000000;color: light-dark(#000000, #ffffff);border-radius: 2px  Server   10 @ about://React/Server/webpack-internal:///(rsc)/./app/page.tsx?14:27
[   14505ms] [LOG] %c%s%c [HOME PAGE] 테스트 글 사용? background: #e6e6e6;background: light-dark(rgba(0,0,0,0.1), rgba(255,255,255,0.25));color: #000000;color: light-dark(#000000, #ffffff);border-radius: 2px  Server   true @ about://React/Server/webpack-internal:///(rsc)/./app/page.tsx?15:28
[   14630ms] [LOG] [Fast Refresh] rebuilding @ webpack-internal:///(app-pages-browser)/./node_modules/next/dist/client/dev/hot-reloader/app/hot-reloader-app.js:196
[   14700ms] [LOG] [Fast Refresh] done in 71ms @ webpack-internal:///(app-pages-browser)/./node_modules/next/dist/client/dev/report-hmr-latency.js:13
[   14832ms] [LOG] %c%s%c [HOME PAGE] Notion 글 수: background: #e6e6e6;background: light-dark(rgba(0,0,0,0.1), rgba(255,255,255,0.25));color: #000000;color: light-dark(#000000, #ffffff);border-radius: 2px  Server   0 @ about://React/Server/webpack-internal:///(rsc)/./app/page.tsx?13:25
[   14832ms] [LOG] %c%s%c [HOME PAGE] 표시될 글 수: background: #e6e6e6;background: light-dark(rgba(0,0,0,0.1), rgba(255,255,255,0.25));color: #000000;color: light-dark(#000000, #ffffff);border-radius: 2px  Server   10 @ about://React/Server/webpack-internal:///(rsc)/./app/page.tsx?14:27
[   14833ms] [LOG] %c%s%c [HOME PAGE] 테스트 글 사용? background: #e6e6e6;background: light-dark(rgba(0,0,0,0.1), rgba(255,255,255,0.25));color: #000000;color: light-dark(#000000, #ffffff);border-radius: 2px  Server   true @ about://React/Server/webpack-internal:///(rsc)/./app/page.tsx?15:28
[   14886ms] [LOG] [Fast Refresh] rebuilding @ webpack-internal:///(app-pages-browser)/./node_modules/next/dist/client/dev/hot-reloader/app/hot-reloader-app.js:196
[   14915ms] [LOG] [Fast Refresh] done in 29ms @ webpack-internal:///(app-pages-browser)/./node_modules/next/dist/client/dev/report-hmr-latency.js:13
[   15058ms] [LOG] %c%s%c [HOME PAGE] Notion 글 수: background: #e6e6e6;background: light-dark(rgba(0,0,0,0.1), rgba(255,255,255,0.25));color: #000000;color: light-dark(#000000, #ffffff);border-radius: 2px  Server   0 @ about://React/Server/webpack-internal:///(rsc)/./app/page.tsx?13:25
[   15059ms] [LOG] %c%s%c [HOME PAGE] 표시될 글 수: background: #e6e6e6;background: light-dark(rgba(0,0,0,0.1), rgba(255,255,255,0.25));color: #000000;color: light-dark(#000000, #ffffff);border-radius: 2px  Server   10 @ about://React/Server/webpack-internal:///(rsc)/./app/page.tsx?14:27
[   15059ms] [LOG] %c%s%c [HOME PAGE] 테스트 글 사용? background: #e6e6e6;background: light-dark(rgba(0,0,0,0.1), rgba(255,255,255,0.25));color: #000000;color: light-dark(#000000, #ffffff);border-radius: 2px  Server   true @ about://React/Server/webpack-internal:///(rsc)/./app/page.tsx?15:28
[   15110ms] [LOG] [Fast Refresh] rebuilding @ webpack-internal:///(app-pages-browser)/./node_modules/next/dist/client/dev/hot-reloader/app/hot-reloader-app.js:196
[   15149ms] [LOG] [Fast Refresh] done in 39ms @ webpack-internal:///(app-pages-browser)/./node_modules/next/dist/client/dev/report-hmr-latency.js:13
[   15280ms] [LOG] %c%s%c [HOME PAGE] Notion 글 수: background: #e6e6e6;background: light-dark(rgba(0,0,0,0.1), rgba(255,255,255,0.25));color: #000000;color: light-dark(#000000, #ffffff);border-radius: 2px  Server   0 @ about://React/Server/webpack-internal:///(rsc)/./app/page.tsx?13:25
[   15280ms] [LOG] %c%s%c [HOME PAGE] 표시될 글 수: background: #e6e6e6;background: light-dark(rgba(0,0,0,0.1), rgba(255,255,255,0.25));color: #000000;color: light-dark(#000000, #ffffff);border-radius: 2px  Server   10 @ about://React/Server/webpack-internal:///(rsc)/./app/page.tsx?14:27
[   15280ms] [LOG] %c%s%c [HOME PAGE] 테스트 글 사용? background: #e6e6e6;background: light-dark(rgba(0,0,0,0.1), rgba(255,255,255,0.25));color: #000000;color: light-dark(#000000, #ffffff);border-radius: 2px  Server   true @ about://React/Server/webpack-internal:///(rsc)/./app/page.tsx?15:28
[   15339ms] [LOG] [Fast Refresh] rebuilding @ webpack-internal:///(app-pages-browser)/./node_modules/next/dist/client/dev/hot-reloader/app/hot-reloader-app.js:196
[   15379ms] [LOG] [Fast Refresh] done in 40ms @ webpack-internal:///(app-pages-browser)/./node_modules/next/dist/client/dev/report-hmr-latency.js:13
[   15509ms] [LOG] %c%s%c [HOME PAGE] Notion 글 수: background: #e6e6e6;background: light-dark(rgba(0,0,0,0.1), rgba(255,255,255,0.25));color: #000000;color: light-dark(#000000, #ffffff);border-radius: 2px  Server   0 @ about://React/Server/webpack-internal:///(rsc)/./app/page.tsx?13:25
[   15509ms] [LOG] %c%s%c [HOME PAGE] 표시될 글 수: background: #e6e6e6;background: light-dark(rgba(0,0,0,0.1), rgba(255,255,255,0.25));color: #000000;color: light-dark(#000000, #ffffff);border-radius: 2px  Server   10 @ about://React/Server/webpack-internal:///(rsc)/./app/page.tsx?14:27
[   15509ms] [LOG] %c%s%c [HOME PAGE] 테스트 글 사용? background: #e6e6e6;background: light-dark(rgba(0,0,0,0.1), rgba(255,255,255,0.25));color: #000000;color: light-dark(#000000, #ffffff);border-radius: 2px  Server   true @ about://React/Server/webpack-internal:///(rsc)/./app/page.tsx?15:28
[   15580ms] [LOG] [Fast Refresh] rebuilding @ webpack-internal:///(app-pages-browser)/./node_modules/next/dist/client/dev/hot-reloader/app/hot-reloader-app.js:196
[   15607ms] [LOG] [Fast Refresh] done in 27ms @ webpack-internal:///(app-pages-browser)/./node_modules/next/dist/client/dev/report-hmr-latency.js:13
[   15738ms] [LOG] %c%s%c [HOME PAGE] Notion 글 수: background: #e6e6e6;background: light-dark(rgba(0,0,0,0.1), rgba(255,255,255,0.25));color: #000000;color: light-dark(#000000, #ffffff);border-radius: 2px  Server   0 @ about://React/Server/webpack-internal:///(rsc)/./app/page.tsx?13:25
[   15738ms] [LOG] %c%s%c [HOME PAGE] 표시될 글 수: background: #e6e6e6;background: light-dark(rgba(0,0,0,0.1), rgba(255,255,255,0.25));color: #000000;color: light-dark(#000000, #ffffff);border-radius: 2px  Server   10 @ about://React/Server/webpack-internal:///(rsc)/./app/page.tsx?14:27
[   15738ms] [LOG] %c%s%c [HOME PAGE] 테스트 글 사용? background: #e6e6e6;background: light-dark(rgba(0,0,0,0.1), rgba(255,255,255,0.25));color: #000000;color: light-dark(#000000, #ffffff);border-radius: 2px  Server   true @ about://React/Server/webpack-internal:///(rsc)/./app/page.tsx?15:28
[   15790ms] [LOG] [Fast Refresh] rebuilding @ webpack-internal:///(app-pages-browser)/./node_modules/next/dist/client/dev/hot-reloader/app/hot-reloader-app.js:196
[   15810ms] [LOG] [Fast Refresh] done in 21ms @ webpack-internal:///(app-pages-browser)/./node_modules/next/dist/client/dev/report-hmr-latency.js:13
[   15934ms] [LOG] %c%s%c [HOME PAGE] Notion 글 수: background: #e6e6e6;background: light-dark(rgba(0,0,0,0.1), rgba(255,255,255,0.25));color: #000000;color: light-dark(#000000, #ffffff);border-radius: 2px  Server   0 @ about://React/Server/webpack-internal:///(rsc)/./app/page.tsx?13:25
[   15934ms] [LOG] %c%s%c [HOME PAGE] 표시될 글 수: background: #e6e6e6;background: light-dark(rgba(0,0,0,0.1), rgba(255,255,255,0.25));color: #000000;color: light-dark(#000000, #ffffff);border-radius: 2px  Server   10 @ about://React/Server/webpack-internal:///(rsc)/./app/page.tsx?14:27
[   15934ms] [LOG] %c%s%c [HOME PAGE] 테스트 글 사용? background: #e6e6e6;background: light-dark(rgba(0,0,0,0.1), rgba(255,255,255,0.25));color: #000000;color: light-dark(#000000, #ffffff);border-radius: 2px  Server   true @ about://React/Server/webpack-internal:///(rsc)/./app/page.tsx?15:28
[   15994ms] [LOG] [Fast Refresh] rebuilding @ webpack-internal:///(app-pages-browser)/./node_modules/next/dist/client/dev/hot-reloader/app/hot-reloader-app.js:196
[   16025ms] [LOG] [Fast Refresh] done in 31ms @ webpack-internal:///(app-pages-browser)/./node_modules/next/dist/client/dev/report-hmr-latency.js:13
[   16144ms] [LOG] %c%s%c [HOME PAGE] Notion 글 수: background: #e6e6e6;background: light-dark(rgba(0,0,0,0.1), rgba(255,255,255,0.25));color: #000000;color: light-dark(#000000, #ffffff);border-radius: 2px  Server   0 @ about://React/Server/webpack-internal:///(rsc)/./app/page.tsx?13:25
[   16144ms] [LOG] %c%s%c [HOME PAGE] 표시될 글 수: background: #e6e6e6;background: light-dark(rgba(0,0,0,0.1), rgba(255,255,255,0.25));color: #000000;color: light-dark(#000000, #ffffff);border-radius: 2px  Server   10 @ about://React/Server/webpack-internal:///(rsc)/./app/page.tsx?14:27
[   16144ms] [LOG] %c%s%c [HOME PAGE] 테스트 글 사용? background: #e6e6e6;background: light-dark(rgba(0,0,0,0.1), rgba(255,255,255,0.25));color: #000000;color: light-dark(#000000, #ffffff);border-radius: 2px  Server   true @ about://React/Server/webpack-internal:///(rsc)/./app/page.tsx?15:28
[   16208ms] [LOG] [Fast Refresh] rebuilding @ webpack-internal:///(app-pages-browser)/./node_modules/next/dist/client/dev/hot-reloader/app/hot-reloader-app.js:196
[   16234ms] [LOG] [Fast Refresh] done in 27ms @ webpack-internal:///(app-pages-browser)/./node_modules/next/dist/client/dev/report-hmr-latency.js:13
[   16353ms] [LOG] %c%s%c [HOME PAGE] Notion 글 수: background: #e6e6e6;background: light-dark(rgba(0,0,0,0.1), rgba(255,255,255,0.25));color: #000000;color: light-dark(#000000, #ffffff);border-radius: 2px  Server   0 @ about://React/Server/webpack-internal:///(rsc)/./app/page.tsx?13:25
[   16353ms] [LOG] %c%s%c [HOME PAGE] 표시될 글 수: background: #e6e6e6;background: light-dark(rgba(0,0,0,0.1), rgba(255,255,255,0.25));color: #000000;color: light-dark(#000000, #ffffff);border-radius: 2px  Server   10 @ about://React/Server/webpack-internal:///(rsc)/./app/page.tsx?14:27
[   16353ms] [LOG] %c%s%c [HOME PAGE] 테스트 글 사용? background: #e6e6e6;background: light-dark(rgba(0,0,0,0.1), rgba(255,255,255,0.25));color: #000000;color: light-dark(#000000, #ffffff);border-radius: 2px  Server   true @ about://React/Server/webpack-internal:///(rsc)/./app/page.tsx?15:28
[   16421ms] [LOG] [Fast Refresh] rebuilding @ webpack-internal:///(app-pages-browser)/./node_modules/next/dist/client/dev/hot-reloader/app/hot-reloader-app.js:196
[   16461ms] [LOG] [Fast Refresh] done in 40ms @ webpack-internal:///(app-pages-browser)/./node_modules/next/dist/client/dev/report-hmr-latency.js:13
[   16603ms] [LOG] %c%s%c [HOME PAGE] Notion 글 수: background: #e6e6e6;background: light-dark(rgba(0,0,0,0.1), rgba(255,255,255,0.25));color: #000000;color: light-dark(#000000, #ffffff);border-radius: 2px  Server   0 @ about://React/Server/webpack-internal:///(rsc)/./app/page.tsx?13:25
[   16603ms] [LOG] %c%s%c [HOME PAGE] 표시될 글 수: background: #e6e6e6;background: light-dark(rgba(0,0,0,0.1), rgba(255,255,255,0.25));color: #000000;color: light-dark(#000000, #ffffff);border-radius: 2px  Server   10 @ about://React/Server/webpack-internal:///(rsc)/./app/page.tsx?14:27
[   16604ms] [LOG] %c%s%c [HOME PAGE] 테스트 글 사용? background: #e6e6e6;background: light-dark(rgba(0,0,0,0.1), rgba(255,255,255,0.25));color: #000000;color: light-dark(#000000, #ffffff);border-radius: 2px  Server   true @ about://React/Server/webpack-internal:///(rsc)/./app/page.tsx?15:28
[   16668ms] [LOG] [Fast Refresh] rebuilding @ webpack-internal:///(app-pages-browser)/./node_modules/next/dist/client/dev/hot-reloader/app/hot-reloader-app.js:196
[   16702ms] [LOG] [Fast Refresh] done in 34ms @ webpack-internal:///(app-pages-browser)/./node_modules/next/dist/client/dev/report-hmr-latency.js:13
[   16874ms] [LOG] %c%s%c [HOME PAGE] Notion 글 수: background: #e6e6e6;background: light-dark(rgba(0,0,0,0.1), rgba(255,255,255,0.25));color: #000000;color: light-dark(#000000, #ffffff);border-radius: 2px  Server   0 @ about://React/Server/webpack-internal:///(rsc)/./app/page.tsx?13:25
[   16874ms] [LOG] %c%s%c [HOME PAGE] 표시될 글 수: background: #e6e6e6;background: light-dark(rgba(0,0,0,0.1), rgba(255,255,255,0.25));color: #000000;color: light-dark(#000000, #ffffff);border-radius: 2px  Server   10 @ about://React/Server/webpack-internal:///(rsc)/./app/page.tsx?14:27
[   16875ms] [LOG] %c%s%c [HOME PAGE] 테스트 글 사용? background: #e6e6e6;background: light-dark(rgba(0,0,0,0.1), rgba(255,255,255,0.25));color: #000000;color: light-dark(#000000, #ffffff);border-radius: 2px  Server   true @ about://React/Server/webpack-internal:///(rsc)/./app/page.tsx?15:28
[   16957ms] [LOG] [Fast Refresh] rebuilding @ webpack-internal:///(app-pages-browser)/./node_modules/next/dist/client/dev/hot-reloader/app/hot-reloader-app.js:196
[   16993ms] [LOG] [Fast Refresh] done in 36ms @ webpack-internal:///(app-pages-browser)/./node_modules/next/dist/client/dev/report-hmr-latency.js:13
[   17162ms] [LOG] %c%s%c [HOME PAGE] Notion 글 수: background: #e6e6e6;background: light-dark(rgba(0,0,0,0.1), rgba(255,255,255,0.25));color: #000000;color: light-dark(#000000, #ffffff);border-radius: 2px  Server   0 @ about://React/Server/webpack-internal:///(rsc)/./app/page.tsx?13:25
[   17162ms] [LOG] %c%s%c [HOME PAGE] 표시될 글 수: background: #e6e6e6;background: light-dark(rgba(0,0,0,0.1), rgba(255,255,255,0.25));color: #000000;color: light-dark(#000000, #ffffff);border-radius: 2px  Server   10 @ about://React/Server/webpack-internal:///(rsc)/./app/page.tsx?14:27
[   17163ms] [LOG] %c%s%c [HOME PAGE] 테스트 글 사용? background: #e6e6e6;background: light-dark(rgba(0,0,0,0.1), rgba(255,255,255,0.25));color: #000000;color: light-dark(#000000, #ffffff);border-radius: 2px  Server   true @ about://React/Server/webpack-internal:///(rsc)/./app/page.tsx?15:28
[   17259ms] [LOG] [Fast Refresh] rebuilding @ webpack-internal:///(app-pages-browser)/./node_modules/next/dist/client/dev/hot-reloader/app/hot-reloader-app.js:196
[   17298ms] [LOG] [Fast Refresh] done in 38ms @ webpack-internal:///(app-pages-browser)/./node_modules/next/dist/client/dev/report-hmr-latency.js:13
[   17440ms] [LOG] %c%s%c [HOME PAGE] Notion 글 수: background: #e6e6e6;background: light-dark(rgba(0,0,0,0.1), rgba(255,255,255,0.25));color: #000000;color: light-dark(#000000, #ffffff);border-radius: 2px  Server   0 @ about://React/Server/webpack-internal:///(rsc)/./app/page.tsx?13:25
[   17441ms] [LOG] %c%s%c [HOME PAGE] 표시될 글 수: background: #e6e6e6;background: light-dark(rgba(0,0,0,0.1), rgba(255,255,255,0.25));color: #000000;color: light-dark(#000000, #ffffff);border-radius: 2px  Server   10 @ about://React/Server/webpack-internal:///(rsc)/./app/page.tsx?14:27
[   17441ms] [LOG] %c%s%c [HOME PAGE] 테스트 글 사용? background: #e6e6e6;background: light-dark(rgba(0,0,0,0.1), rgba(255,255,255,0.25));color: #000000;color: light-dark(#000000, #ffffff);border-radius: 2px  Server   true @ about://React/Server/webpack-internal:///(rsc)/./app/page.tsx?15:28
[   17502ms] [LOG] [Fast Refresh] rebuilding @ webpack-internal:///(app-pages-browser)/./node_modules/next/dist/client/dev/hot-reloader/app/hot-reloader-app.js:196
[   17533ms] [LOG] [Fast Refresh] done in 30ms @ webpack-internal:///(app-pages-browser)/./node_modules/next/dist/client/dev/report-hmr-latency.js:13
[   17684ms] [LOG] %c%s%c [HOME PAGE] Notion 글 수: background: #e6e6e6;background: light-dark(rgba(0,0,0,0.1), rgba(255,255,255,0.25));color: #000000;color: light-dark(#000000, #ffffff);border-radius: 2px  Server   0 @ about://React/Server/webpack-internal:///(rsc)/./app/page.tsx?13:25
[   17684ms] [LOG] %c%s%c [HOME PAGE] 표시될 글 수: background: #e6e6e6;background: light-dark(rgba(0,0,0,0.1), rgba(255,255,255,0.25));color: #000000;color: light-dark(#000000, #ffffff);border-radius: 2px  Server   10 @ about://React/Server/webpack-internal:///(rsc)/./app/page.tsx?14:27
[   17684ms] [LOG] %c%s%c [HOME PAGE] 테스트 글 사용? background: #e6e6e6;background: light-dark(rgba(0,0,0,0.1), rgba(255,255,255,0.25));color: #000000;color: light-dark(#000000, #ffffff);border-radius: 2px  Server   true @ about://React/Server/webpack-internal:///(rsc)/./app/page.tsx?15:28
[   17747ms] [LOG] [Fast Refresh] rebuilding @ webpack-internal:///(app-pages-browser)/./node_modules/next/dist/client/dev/hot-reloader/app/hot-reloader-app.js:196
[   17778ms] [LOG] [Fast Refresh] done in 30ms @ webpack-internal:///(app-pages-browser)/./node_modules/next/dist/client/dev/report-hmr-latency.js:13
[   18214ms] [LOG] [Fast Refresh] rebuilding @ webpack-internal:///(app-pages-browser)/./node_modules/next/dist/client/dev/hot-reloader/app/hot-reloader-app.js:196
[   18234ms] [LOG] [Fast Refresh] done in 20ms @ webpack-internal:///(app-pages-browser)/./node_modules/next/dist/client/dev/report-hmr-latency.js:13
[   18558ms] [LOG] [Fast Refresh] done in 344ms @ webpack-internal:///(app-pages-browser)/./node_modules/next/dist/client/dev/report-hmr-latency.js:13
[   18560ms] [LOG] [Fast Refresh] rebuilding @ webpack-internal:///(app-pages-browser)/./node_modules/next/dist/client/dev/hot-reloader/app/hot-reloader-app.js:196
[   18733ms] [LOG] [Fast Refresh] done in 173ms @ webpack-internal:///(app-pages-browser)/./node_modules/next/dist/client/dev/report-hmr-latency.js:13
[   18735ms] [LOG] [Fast Refresh] rebuilding @ webpack-internal:///(app-pages-browser)/./node_modules/next/dist/client/dev/hot-reloader/app/hot-reloader-app.js:196
[   18880ms] [ERROR] Failed to load resource: the server responded with a status of 500 (Internal Server Error) @ http://localhost:3009/?_rsc=fsnpp:0
[   19082ms] [LOG] [Fast Refresh] rebuilding @ webpack-internal:///(app-pages-browser)/./node_modules/next/dist/client/dev/hot-reloader/app/hot-reloader-app.js:196
[   19100ms] [LOG] [Fast Refresh] done in 17ms @ webpack-internal:///(app-pages-browser)/./node_modules/next/dist/client/dev/report-hmr-latency.js:13
[   19261ms] [LOG] [Fast Refresh] rebuilding @ webpack-internal:///(app-pages-browser)/./node_modules/next/dist/client/dev/hot-reloader/app/hot-reloader-app.js:196
[   19277ms] [LOG] [Fast Refresh] done in 16ms @ webpack-internal:///(app-pages-browser)/./node_modules/next/dist/client/dev/report-hmr-latency.js:13
[   19427ms] [LOG] [Fast Refresh] rebuilding @ webpack-internal:///(app-pages-browser)/./node_modules/next/dist/client/dev/hot-reloader/app/hot-reloader-app.js:196
[   19443ms] [LOG] [Fast Refresh] done in 16ms @ webpack-internal:///(app-pages-browser)/./node_modules/next/dist/client/dev/report-hmr-latency.js:13
[   19593ms] [LOG] [Fast Refresh] rebuilding @ webpack-internal:///(app-pages-browser)/./node_modules/next/dist/client/dev/hot-reloader/app/hot-reloader-app.js:196
[   19606ms] [LOG] [Fast Refresh] done in 14ms @ webpack-internal:///(app-pages-browser)/./node_modules/next/dist/client/dev/report-hmr-latency.js:13
[   19795ms] [LOG] [Fast Refresh] rebuilding @ webpack-internal:///(app-pages-browser)/./node_modules/next/dist/client/dev/hot-reloader/app/hot-reloader-app.js:196
[   19810ms] [LOG] [Fast Refresh] done in 16ms @ webpack-internal:///(app-pages-browser)/./node_modules/next/dist/client/dev/report-hmr-latency.js:13
[   19954ms] [LOG] [Fast Refresh] rebuilding @ webpack-internal:///(app-pages-browser)/./node_modules/next/dist/client/dev/hot-reloader/app/hot-reloader-app.js:196
[   19986ms] [LOG] [Fast Refresh] done in 32ms @ webpack-internal:///(app-pages-browser)/./node_modules/next/dist/client/dev/report-hmr-latency.js:13
[   20136ms] [LOG] [Fast Refresh] rebuilding @ webpack-internal:///(app-pages-browser)/./node_modules/next/dist/client/dev/hot-reloader/app/hot-reloader-app.js:196
[   20152ms] [LOG] [Fast Refresh] done in 15ms @ webpack-internal:///(app-pages-browser)/./node_modules/next/dist/client/dev/report-hmr-latency.js:13
[   20325ms] [LOG] [Fast Refresh] rebuilding @ webpack-internal:///(app-pages-browser)/./node_modules/next/dist/client/dev/hot-reloader/app/hot-reloader-app.js:196
[   20358ms] [LOG] [Fast Refresh] done in 33ms @ webpack-internal:///(app-pages-browser)/./node_modules/next/dist/client/dev/report-hmr-latency.js:13
[   20529ms] [LOG] [Fast Refresh] rebuilding @ webpack-internal:///(app-pages-browser)/./node_modules/next/dist/client/dev/hot-reloader/app/hot-reloader-app.js:196
[   20538ms] [LOG] [Fast Refresh] done in 10ms @ webpack-internal:///(app-pages-browser)/./node_modules/next/dist/client/dev/report-hmr-latency.js:13
[   20775ms] [LOG] [Fast Refresh] rebuilding @ webpack-internal:///(app-pages-browser)/./node_modules/next/dist/client/dev/hot-reloader/app/hot-reloader-app.js:196
[   20810ms] [LOG] [Fast Refresh] done in 34ms @ webpack-internal:///(app-pages-browser)/./node_modules/next/dist/client/dev/report-hmr-latency.js:13
[   20972ms] [LOG] [Fast Refresh] rebuilding @ webpack-internal:///(app-pages-browser)/./node_modules/next/dist/client/dev/hot-reloader/app/hot-reloader-app.js:196
[   20983ms] [LOG] [Fast Refresh] done in 12ms @ webpack-internal:///(app-pages-browser)/./node_modules/next/dist/client/dev/report-hmr-latency.js:13
[   21148ms] [LOG] [Fast Refresh] rebuilding @ webpack-internal:///(app-pages-browser)/./node_modules/next/dist/client/dev/hot-reloader/app/hot-reloader-app.js:196
[   21157ms] [LOG] [Fast Refresh] done in 9ms @ webpack-internal:///(app-pages-browser)/./node_modules/next/dist/client/dev/report-hmr-latency.js:13
[   21342ms] [LOG] [Fast Refresh] rebuilding @ webpack-internal:///(app-pages-browser)/./node_modules/next/dist/client/dev/hot-reloader/app/hot-reloader-app.js:196
[   21357ms] [LOG] [Fast Refresh] done in 14ms @ webpack-internal:///(app-pages-browser)/./node_modules/next/dist/client/dev/report-hmr-latency.js:13
[   21513ms] [LOG] [Fast Refresh] rebuilding @ webpack-internal:///(app-pages-browser)/./node_modules/next/dist/client/dev/hot-reloader/app/hot-reloader-app.js:196
[   21532ms] [LOG] [Fast Refresh] done in 19ms @ webpack-internal:///(app-pages-browser)/./node_modules/next/dist/client/dev/report-hmr-latency.js:13
[   21689ms] [LOG] [Fast Refresh] rebuilding @ webpack-internal:///(app-pages-browser)/./node_modules/next/dist/client/dev/hot-reloader/app/hot-reloader-app.js:196
[   21718ms] [LOG] [Fast Refresh] done in 29ms @ webpack-internal:///(app-pages-browser)/./node_modules/next/dist/client/dev/report-hmr-latency.js:13
[   21856ms] [LOG] [Fast Refresh] rebuilding @ webpack-internal:///(app-pages-browser)/./node_modules/next/dist/client/dev/hot-reloader/app/hot-reloader-app.js:196
[   21870ms] [LOG] [Fast Refresh] done in 15ms @ webpack-internal:///(app-pages-browser)/./node_modules/next/dist/client/dev/report-hmr-latency.js:13
[   22044ms] [LOG] [Fast Refresh] rebuilding @ webpack-internal:///(app-pages-browser)/./node_modules/next/dist/client/dev/hot-reloader/app/hot-reloader-app.js:196
[   22100ms] [LOG] [Fast Refresh] done in 57ms @ webpack-internal:///(app-pages-browser)/./node_modules/next/dist/client/dev/report-hmr-latency.js:13
[   22248ms] [LOG] [Fast Refresh] rebuilding @ webpack-internal:///(app-pages-browser)/./node_modules/next/dist/client/dev/hot-reloader/app/hot-reloader-app.js:196
[   22263ms] [LOG] [Fast Refresh] done in 15ms @ webpack-internal:///(app-pages-browser)/./node_modules/next/dist/client/dev/report-hmr-latency.js:13
[   22400ms] [LOG] [Fast Refresh] rebuilding @ webpack-internal:///(app-pages-browser)/./node_modules/next/dist/client/dev/hot-reloader/app/hot-reloader-app.js:196
[   22416ms] [LOG] [Fast Refresh] done in 16ms @ webpack-internal:///(app-pages-browser)/./node_modules/next/dist/client/dev/report-hmr-latency.js:13
[   22557ms] [LOG] [Fast Refresh] rebuilding @ webpack-internal:///(app-pages-browser)/./node_modules/next/dist/client/dev/hot-reloader/app/hot-reloader-app.js:196
[   22569ms] [LOG] [Fast Refresh] done in 12ms @ webpack-internal:///(app-pages-browser)/./node_modules/next/dist/client/dev/report-hmr-latency.js:13
[   22826ms] [LOG] [Fast Refresh] rebuilding @ webpack-internal:///(app-pages-browser)/./node_modules/next/dist/client/dev/hot-reloader/app/hot-reloader-app.js:196
[   22843ms] [LOG] [Fast Refresh] done in 17ms @ webpack-internal:///(app-pages-browser)/./node_modules/next/dist/client/dev/report-hmr-latency.js:13
[   23001ms] [LOG] [Fast Refresh] rebuilding @ webpack-internal:///(app-pages-browser)/./node_modules/next/dist/client/dev/hot-reloader/app/hot-reloader-app.js:196
[   23013ms] [LOG] [Fast Refresh] done in 11ms @ webpack-internal:///(app-pages-browser)/./node_modules/next/dist/client/dev/report-hmr-latency.js:13
[   23155ms] [LOG] [Fast Refresh] rebuilding @ webpack-internal:///(app-pages-browser)/./node_modules/next/dist/client/dev/hot-reloader/app/hot-reloader-app.js:196
[   23163ms] [LOG] [Fast Refresh] done in 9ms @ webpack-internal:///(app-pages-browser)/./node_modules/next/dist/client/dev/report-hmr-latency.js:13
[   23301ms] [LOG] [Fast Refresh] rebuilding @ webpack-internal:///(app-pages-browser)/./node_modules/next/dist/client/dev/hot-reloader/app/hot-reloader-app.js:196
[   23311ms] [LOG] [Fast Refresh] done in 10ms @ webpack-internal:///(app-pages-browser)/./node_modules/next/dist/client/dev/report-hmr-latency.js:13
[   23460ms] [LOG] [Fast Refresh] rebuilding @ webpack-internal:///(app-pages-browser)/./node_modules/next/dist/client/dev/hot-reloader/app/hot-reloader-app.js:196
[   23476ms] [LOG] [Fast Refresh] done in 17ms @ webpack-internal:///(app-pages-browser)/./node_modules/next/dist/client/dev/report-hmr-latency.js:13
[   23613ms] [LOG] [Fast Refresh] rebuilding @ webpack-internal:///(app-pages-browser)/./node_modules/next/dist/client/dev/hot-reloader/app/hot-reloader-app.js:196
[   23635ms] [LOG] [Fast Refresh] done in 21ms @ webpack-internal:///(app-pages-browser)/./node_modules/next/dist/client/dev/report-hmr-latency.js:13
[   23810ms] [LOG] [Fast Refresh] rebuilding @ webpack-internal:///(app-pages-browser)/./node_modules/next/dist/client/dev/hot-reloader/app/hot-reloader-app.js:196
[   23829ms] [LOG] [Fast Refresh] done in 20ms @ webpack-internal:///(app-pages-browser)/./node_modules/next/dist/client/dev/report-hmr-latency.js:13
[   24012ms] [LOG] [Fast Refresh] rebuilding @ webpack-internal:///(app-pages-browser)/./node_modules/next/dist/client/dev/hot-reloader/app/hot-reloader-app.js:196
[   24033ms] [LOG] [Fast Refresh] done in 21ms @ webpack-internal:///(app-pages-browser)/./node_modules/next/dist/client/dev/report-hmr-latency.js:13
[   24194ms] [LOG] [Fast Refresh] rebuilding @ webpack-internal:///(app-pages-browser)/./node_modules/next/dist/client/dev/hot-reloader/app/hot-reloader-app.js:196
[   24211ms] [LOG] [Fast Refresh] done in 18ms @ webpack-internal:///(app-pages-browser)/./node_modules/next/dist/client/dev/report-hmr-latency.js:13
[   24377ms] [LOG] [Fast Refresh] rebuilding @ webpack-internal:///(app-pages-browser)/./node_modules/next/dist/client/dev/hot-reloader/app/hot-reloader-app.js:196
[   24423ms] [LOG] [Fast Refresh] done in 47ms @ webpack-internal:///(app-pages-browser)/./node_modules/next/dist/client/dev/report-hmr-latency.js:13
[   24629ms] [LOG] [Fast Refresh] rebuilding @ webpack-internal:///(app-pages-browser)/./node_modules/next/dist/client/dev/hot-reloader/app/hot-reloader-app.js:196
[   24686ms] [LOG] [Fast Refresh] done in 57ms @ webpack-internal:///(app-pages-browser)/./node_modules/next/dist/client/dev/report-hmr-latency.js:13
[   24832ms] [LOG] [Fast Refresh] rebuilding @ webpack-internal:///(app-pages-browser)/./node_modules/next/dist/client/dev/hot-reloader/app/hot-reloader-app.js:196
[   24843ms] [LOG] [Fast Refresh] done in 12ms @ webpack-internal:///(app-pages-browser)/./node_modules/next/dist/client/dev/report-hmr-latency.js:13
[   24971ms] [LOG] [Fast Refresh] rebuilding @ webpack-internal:///(app-pages-browser)/./node_modules/next/dist/client/dev/hot-reloader/app/hot-reloader-app.js:196
[   24983ms] [LOG] [Fast Refresh] done in 11ms @ webpack-internal:///(app-pages-browser)/./node_modules/next/dist/client/dev/report-hmr-latency.js:13
[   25120ms] [LOG] [Fast Refresh] rebuilding @ webpack-internal:///(app-pages-browser)/./node_modules/next/dist/client/dev/hot-reloader/app/hot-reloader-app.js:196
[   25132ms] [LOG] [Fast Refresh] done in 12ms @ webpack-internal:///(app-pages-browser)/./node_modules/next/dist/client/dev/report-hmr-latency.js:13
[   25266ms] [LOG] [Fast Refresh] rebuilding @ webpack-internal:///(app-pages-browser)/./node_modules/next/dist/client/dev/hot-reloader/app/hot-reloader-app.js:196
[   25284ms] [LOG] [Fast Refresh] done in 18ms @ webpack-internal:///(app-pages-browser)/./node_modules/next/dist/client/dev/report-hmr-latency.js:13
[   25407ms] [LOG] [Fast Refresh] rebuilding @ webpack-internal:///(app-pages-browser)/./node_modules/next/dist/client/dev/hot-reloader/app/hot-reloader-app.js:196
[   25424ms] [LOG] [Fast Refresh] done in 17ms @ webpack-internal:///(app-pages-browser)/./node_modules/next/dist/client/dev/report-hmr-latency.js:13
[   25562ms] [LOG] [Fast Refresh] rebuilding @ webpack-internal:///(app-pages-browser)/./node_modules/next/dist/client/dev/hot-reloader/app/hot-reloader-app.js:196
[   25576ms] [LOG] [Fast Refresh] done in 15ms @ webpack-internal:///(app-pages-browser)/./node_modules/next/dist/client/dev/report-hmr-latency.js:13
[   25740ms] [LOG] [Fast Refresh] rebuilding @ webpack-internal:///(app-pages-browser)/./node_modules/next/dist/client/dev/hot-reloader/app/hot-reloader-app.js:196
[   25756ms] [LOG] [Fast Refresh] done in 15ms @ webpack-internal:///(app-pages-browser)/./node_modules/next/dist/client/dev/report-hmr-latency.js:13
[   25898ms] [LOG] [Fast Refresh] rebuilding @ webpack-internal:///(app-pages-browser)/./node_modules/next/dist/client/dev/hot-reloader/app/hot-reloader-app.js:196
[   25906ms] [LOG] [Fast Refresh] done in 9ms @ webpack-internal:///(app-pages-browser)/./node_modules/next/dist/client/dev/report-hmr-latency.js:13
[   26045ms] [LOG] [Fast Refresh] rebuilding @ webpack-internal:///(app-pages-browser)/./node_modules/next/dist/client/dev/hot-reloader/app/hot-reloader-app.js:196
[   26057ms] [LOG] [Fast Refresh] done in 13ms @ webpack-internal:///(app-pages-browser)/./node_modules/next/dist/client/dev/report-hmr-latency.js:13
[   26177ms] [LOG] [Fast Refresh] rebuilding @ webpack-internal:///(app-pages-browser)/./node_modules/next/dist/client/dev/hot-reloader/app/hot-reloader-app.js:196
[   26205ms] [LOG] [Fast Refresh] done in 27ms @ webpack-internal:///(app-pages-browser)/./node_modules/next/dist/client/dev/report-hmr-latency.js:13
[   26314ms] [LOG] [Fast Refresh] rebuilding @ webpack-internal:///(app-pages-browser)/./node_modules/next/dist/client/dev/hot-reloader/app/hot-reloader-app.js:196
[   26323ms] [LOG] [Fast Refresh] done in 10ms @ webpack-internal:///(app-pages-browser)/./node_modules/next/dist/client/dev/report-hmr-latency.js:13
[   26454ms] [LOG] [Fast Refresh] rebuilding @ webpack-internal:///(app-pages-browser)/./node_modules/next/dist/client/dev/hot-reloader/app/hot-reloader-app.js:196
[   26474ms] [LOG] [Fast Refresh] done in 21ms @ webpack-internal:///(app-pages-browser)/./node_modules/next/dist/client/dev/report-hmr-latency.js:13
[   26637ms] [LOG] [Fast Refresh] rebuilding @ webpack-internal:///(app-pages-browser)/./node_modules/next/dist/client/dev/hot-reloader/app/hot-reloader-app.js:196
[   26649ms] [LOG] [Fast Refresh] done in 11ms @ webpack-internal:///(app-pages-browser)/./node_modules/next/dist/client/dev/report-hmr-latency.js:13
[   26783ms] [LOG] [Fast Refresh] rebuilding @ webpack-internal:///(app-pages-browser)/./node_modules/next/dist/client/dev/hot-reloader/app/hot-reloader-app.js:196
[   26794ms] [LOG] [Fast Refresh] done in 12ms @ webpack-internal:///(app-pages-browser)/./node_modules/next/dist/client/dev/report-hmr-latency.js:13
[   26922ms] [LOG] [Fast Refresh] rebuilding @ webpack-internal:///(app-pages-browser)/./node_modules/next/dist/client/dev/hot-reloader/app/hot-reloader-app.js:196
[   26933ms] [LOG] [Fast Refresh] done in 11ms @ webpack-internal:///(app-pages-browser)/./node_modules/next/dist/client/dev/report-hmr-latency.js:13
[   27068ms] [LOG] [Fast Refresh] rebuilding @ webpack-internal:///(app-pages-browser)/./node_modules/next/dist/client/dev/hot-reloader/app/hot-reloader-app.js:196
[   27084ms] [LOG] [Fast Refresh] done in 16ms @ webpack-internal:///(app-pages-browser)/./node_modules/next/dist/client/dev/report-hmr-latency.js:13
[   27212ms] [LOG] [Fast Refresh] rebuilding @ webpack-internal:///(app-pages-browser)/./node_modules/next/dist/client/dev/hot-reloader/app/hot-reloader-app.js:196
[   27222ms] [LOG] [Fast Refresh] done in 9ms @ webpack-internal:///(app-pages-browser)/./node_modules/next/dist/client/dev/report-hmr-latency.js:13
[   27356ms] [LOG] [Fast Refresh] rebuilding @ webpack-internal:///(app-pages-browser)/./node_modules/next/dist/client/dev/hot-reloader/app/hot-reloader-app.js:196
[   27364ms] [LOG] [Fast Refresh] done in 7ms @ webpack-internal:///(app-pages-browser)/./node_modules/next/dist/client/dev/report-hmr-latency.js:13
[   27490ms] [LOG] [Fast Refresh] rebuilding @ webpack-internal:///(app-pages-browser)/./node_modules/next/dist/client/dev/hot-reloader/app/hot-reloader-app.js:196
[   27506ms] [LOG] [Fast Refresh] done in 17ms @ webpack-internal:///(app-pages-browser)/./node_modules/next/dist/client/dev/report-hmr-latency.js:13
[   27628ms] [LOG] [Fast Refresh] rebuilding @ webpack-internal:///(app-pages-browser)/./node_modules/next/dist/client/dev/hot-reloader/app/hot-reloader-app.js:196
[   27638ms] [LOG] [Fast Refresh] done in 11ms @ webpack-internal:///(app-pages-browser)/./node_modules/next/dist/client/dev/report-hmr-latency.js:13
[   27767ms] [LOG] [Fast Refresh] rebuilding @ webpack-internal:///(app-pages-browser)/./node_modules/next/dist/client/dev/hot-reloader/app/hot-reloader-app.js:196
[   27775ms] [LOG] [Fast Refresh] done in 9ms @ webpack-internal:///(app-pages-browser)/./node_modules/next/dist/client/dev/report-hmr-latency.js:13
[   27894ms] [LOG] [Fast Refresh] rebuilding @ webpack-internal:///(app-pages-browser)/./node_modules/next/dist/client/dev/hot-reloader/app/hot-reloader-app.js:196
[   27906ms] [LOG] [Fast Refresh] done in 12ms @ webpack-internal:///(app-pages-browser)/./node_modules/next/dist/client/dev/report-hmr-latency.js:13
[   28039ms] [LOG] [Fast Refresh] rebuilding @ webpack-internal:///(app-pages-browser)/./node_modules/next/dist/client/dev/hot-reloader/app/hot-reloader-app.js:196
[   28053ms] [LOG] [Fast Refresh] done in 14ms @ webpack-internal:///(app-pages-browser)/./node_modules/next/dist/client/dev/report-hmr-latency.js:13
[   28186ms] [LOG] [Fast Refresh] rebuilding @ webpack-internal:///(app-pages-browser)/./node_modules/next/dist/client/dev/hot-reloader/app/hot-reloader-app.js:196
[   28198ms] [LOG] [Fast Refresh] done in 12ms @ webpack-internal:///(app-pages-browser)/./node_modules/next/dist/client/dev/report-hmr-latency.js:13
[   28343ms] [LOG] [Fast Refresh] rebuilding @ webpack-internal:///(app-pages-browser)/./node_modules/next/dist/client/dev/hot-reloader/app/hot-reloader-app.js:196
[   28356ms] [LOG] [Fast Refresh] done in 12ms @ webpack-internal:///(app-pages-browser)/./node_modules/next/dist/client/dev/report-hmr-latency.js:13
[   28495ms] [LOG] [Fast Refresh] rebuilding @ webpack-internal:///(app-pages-browser)/./node_modules/next/dist/client/dev/hot-reloader/app/hot-reloader-app.js:196
[   28502ms] [LOG] [Fast Refresh] done in 8ms @ webpack-internal:///(app-pages-browser)/./node_modules/next/dist/client/dev/report-hmr-latency.js:13
[   28646ms] [LOG] [Fast Refresh] rebuilding @ webpack-internal:///(app-pages-browser)/./node_modules/next/dist/client/dev/hot-reloader/app/hot-reloader-app.js:196
[   28666ms] [LOG] [Fast Refresh] done in 19ms @ webpack-internal:///(app-pages-browser)/./node_modules/next/dist/client/dev/report-hmr-latency.js:13
[   28900ms] [LOG] [Fast Refresh] rebuilding @ webpack-internal:///(app-pages-browser)/./node_modules/next/dist/client/dev/hot-reloader/app/hot-reloader-app.js:196
[   28941ms] [LOG] [Fast Refresh] done in 41ms @ webpack-internal:///(app-pages-browser)/./node_modules/next/dist/client/dev/report-hmr-latency.js:13
[   29134ms] [LOG] [Fast Refresh] rebuilding @ webpack-internal:///(app-pages-browser)/./node_modules/next/dist/client/dev/hot-reloader/app/hot-reloader-app.js:196
[   29156ms] [LOG] [Fast Refresh] done in 21ms @ webpack-internal:///(app-pages-browser)/./node_modules/next/dist/client/dev/report-hmr-latency.js:13
